Min_RR,Max_RR,Mean_RR,Median_RR,Std_RR,Min_QT,Max_QT,Mean_QT,Median_QT,Std_QT,Min_QRS,Max_QRS,Mean_QRS,Median_QRS,Std_QRS,Label
376.0,1612.0,767.937675070028,784.0,120.2088939655974,176.0,564.0,411.36764705882354,404.0,56.32215872932655,44.0,208.0,103.15756302521008,104.0,14.08195669732369,0
312.0,6024.0,733.6816266715516,688.0,301.1090943409786,-20688.0,536.0,-4461.8413514506055,-4716.0,2287.674366019885,-21764.0,304.0,-5612.359897172237,-6102.0,2664.733811645446,1
380.0,968.0,565.8647686832741,540.0,117.49604159622906,-15320.0,512.0,-7516.454901960784,-7796.0,4371.750352214067,-15436.0,232.0,-7752.909803921569,-8052.0,4372.510526193,1
352.0,1308.0,544.0062695924765,520.0,120.10476079534853,-3148.0,424.0,-1782.0663507109005,-2084.0,846.0610351614333,-3248.0,188.0,-1945.5860979462875,-2248.0,844.6078607731038,1
424.0,852.0,546.2222222222222,522.0,96.73994668155764,-1728.0,344.0,-576.8,-624.0,572.6983149966482,-1864.0,120.0,-800.0,-892.0,551.5224987855587,1
380.0,1204.0,885.8653530377668,884.0,60.44945178900544,-1556.0,612.0,-207.5848434925865,196.0,543.1555239496041,-1656.0,164.0,-363.6441515650741,100.0,556.7059435992917,0
548.0,1024.0,898.75,898.0,63.82348705609871,240.0,616.0,440.4166666666667,496.0,134.9672542590321,120.0,280.0,135.41666666666666,126.0,36.09237761941186,0
368.0,1048.0,519.0,492.0,120.54459755625716,-3296.0,376.0,-1123.047619047619,-1048.0,1106.8530455300256,-3576.0,208.0,-1346.190476190476,-1236.0,1127.6558753638587,1
412.0,908.0,680.8823529411765,672.0,73.34317591492201,152.0,496.0,230.35294117647055,234.0,66.40423549254581,72.0,164.0,124.76470588235294,130.0,35.712955981177124,0
788.0,1084.0,929.7777777777778,922.0,83.0445366157726,252.0,668.0,469.3333333333333,548.0,167.49660029717353,76.0,320.0,193.11111111111111,160.0,75.72823404846284,0
320.0,1572.0,842.0650454145913,872.0,139.88243940246497,148.0,696.0,423.50893641957225,416.0,64.5567477668024,44.0,268.0,103.69293876355113,108.0,14.185392963190315,0
416.0,984.0,536.2142857142857,500.0,100.06403561964606,-4956.0,464.0,-2880.43137254902,-3694.0,1832.5963501396525,-5164.0,212.0,-3109.294117647059,-3914.0,1837.1432351441692,1
396.0,792.0,626.5734265734266,632.0,43.61152242537051,228.0,560.0,494.3216783216784,520.0,72.06898418251308,64.0,204.0,194.3776223776224,200.0,23.34892046015413,0
604.0,836.0,636.8135593220339,632.0,31.25210478404489,244.0,568.0,477.0169491525424,516.0,88.60988419546099,108.0,204.0,194.9152542372881,200.0,22.62538557446017,0
648.0,1056.0,893.3770491803278,904.0,62.63246001100682,152.0,628.0,499.40983606557376,528.0,112.59289455046358,56.0,288.0,133.50819672131146,128.0,32.359974746600855,0
424.0,1044.0,604.0,560.0,135.0329765720387,-792.0,-104.0,-343.6,-292.0,160.6880207109416,-924.0,-236.0,-488.0,-450.0,148.43180252223578,1
396.0,1292.0,697.0545454545454,688.0,180.72474481495263,220.0,488.0,411.74545454545455,432.0,57.95867436272415,104.0,272.0,142.94545454545454,128.0,38.95611432079959,1
352.0,2408.0,521.5172413793103,504.0,172.30454163114658,-13696.0,388.0,-3596.7008547008545,-2660.0,3406.553681866053,-14352.0,144.0,-4258.222222222223,-3414.0,3474.875210478077,1
392.0,892.0,536.6711409395973,504.0,103.98492682153892,-8988.0,12.0,-5571.81954887218,-6796.0,2529.7533115032084,-9260.0,-280.0,-5809.233082706767,-7024.0,2537.7921695931664,1
372.0,2428.0,851.6876742889012,832.0,118.75705303292574,224.0,47532.0,35324.23622492229,35636.0,10405.687624806227,52.0,540.0,241.0462911321807,176.0,101.88690830858826,0
304.0,1536.0,572.1058221872541,580.0,67.2610598389995,-3172.0,448.0,-652.1070655382798,212.0,1196.8355459714735,-3872.0,284.0,-1148.1523322180674,-468.0,1366.0450923273984,0
344.0,1848.0,688.3207354443309,672.0,145.61969987807748,200.0,5316.0,1782.7193999318104,1692.0,1256.6140150574402,-1884.0,324.0,-533.16689373297,-516.0,335.77891583729433,1
356.0,512.0,428.8888888888889,404.0,57.18672037854873,140.0,316.0,201.5,180.0,59.26002024974342,56.0,120.0,83.5,72.0,24.03643068344383,1
356.0,1328.0,846.304845814978,860.0,64.96216807098448,156.0,624.0,268.6167400881057,220.0,92.6246571958596,64.0,208.0,107.58237885462556,100.0,19.81273669411204,0
544.0,1168.0,991.9113082039912,992.0,85.169095562094,228.0,724.0,494.2261640798226,536.0,144.07848418028718,80.0,424.0,245.6230598669623,168.0,108.48176116719596,0
380.0,2116.0,749.1028806584362,724.0,202.20391072957895,-4468.0,536.0,-1882.7615062761504,-2416.0,1250.5847358793676,-4612.0,220.0,-2117.087866108787,-2688.0,1239.0464499970362,1
552.0,1172.0,948.173692229558,956.0,45.60414719485477,-976.0,656.0,-612.0619761239523,-660.0,292.2107308453784,-1092.0,132.0,-769.9558039116079,-864.0,282.62569287535456,0
372.0,1744.0,939.3205479452056,1012.0,222.63427119426612,152.0,704.0,428.8511415525114,404.0,144.66388925665328,48.0,516.0,120.77442922374428,116.0,26.72913830859268,0
384.0,1012.0,534.9866666666667,516.0,116.33715294589068,-3168.0,448.0,-1157.529411764706,-1160.0,1175.4672721766767,-3408.0,176.0,-1387.0,-1414.0,1187.1669440062658,1
868.0,1156.0,928.950495049505,924.0,38.31768617769543,276.0,632.0,447.8019801980198,484.0,109.27864463973113,120.0,280.0,127.12871287128714,124.0,15.635491086359156,0
448.0,1268.0,787.1836734693877,808.0,179.99905594643454,212.0,544.0,440.9795918367347,468.0,78.22325187901153,108.0,296.0,145.6326530612245,128.0,43.209359283562165,1
564.0,676.0,606.2172701949861,604.0,17.409619609391463,216.0,548.0,477.28133704735376,508.0,74.86415896765122,104.0,204.0,194.4066852367688,200.0,19.107715774112474,0
524.0,1620.0,834.9902912621359,782.0,204.59457874859052,280.0,584.0,330.6504854368932,308.0,74.72931200392443,112.0,152.0,120.3980582524272,120.0,3.9458465463675134,1
372.0,752.0,518.6849315068494,508.0,71.70427791680669,-1924.0,464.0,-274.0869565217391,228.0,806.3373936749822,-2104.0,196.0,-493.5652173913044,108.0,814.9843686286324,1
464.0,1388.0,810.1390438247012,812.0,71.1017212899974,164.0,576.0,335.7836653386454,324.0,69.34883968638668,60.0,220.0,118.5792828685259,120.0,9.109990197474035,0
452.0,1536.0,760.2727272727273,750.0,203.7724180234102,-1824.0,12.0,-676.7179487179487,-600.0,431.4839004464827,-3152.0,-232.0,-1132.820512820513,-772.0,671.279943582517,0
304.0,1144.0,579.8095238095239,518.0,165.99989071930398,-8648.0,428.0,-4377.856209150327,-3848.0,2414.1315558325887,-8916.0,128.0,-4616.679738562091,-4008.0,2417.2567302723537,1
324.0,1808.0,598.2425106990014,564.0,166.1193337854441,212.0,46572.0,26110.416918429004,30872.0,15098.388954139082,-2580.0,360.0,-525.2283464566929,-364.0,743.6415209208152,1
388.0,856.0,643.5555555555555,664.0,137.04752712602306,152.0,472.0,256.34567901234567,252.0,74.5082911110705,64.0,164.0,110.8148148148148,104.0,35.757451476256215,0
360.0,1012.0,510.6666666666667,504.0,90.07954699222677,-13776.0,-168.0,-8259.0,-8472.0,3988.124841325808,-13980.0,-300.0,-8464.78125,-8616.0,3983.587329863428,1
444.0,988.0,710.0540540540541,788.0,227.03374507434697,204.0,516.0,394.3243243243243,408.0,49.1880308743928,68.0,236.0,139.24324324324326,124.0,33.93268806344559,0
368.0,1572.0,747.9272727272727,716.0,274.6263481066232,216.0,556.0,430.54545454545456,472.0,104.39467387699572,72.0,340.0,184.29090909090908,164.0,65.79242087526572,1
396.0,900.0,665.8823529411765,684.0,135.2356907089341,144.0,536.0,272.4117647058824,238.0,109.48465314077768,60.0,164.0,112.41176470588236,100.0,31.7203939288821,0
388.0,628.0,538.4,548.0,87.5479297299485,292.0,384.0,340.0,340.0,36.22154055254967,112.0,136.0,120.0,116.0,9.121403400793104,1
308.0,1004.0,464.01393728223,448.0,109.73493474419683,-6924.0,308.0,-4434.294117647059,-4544.0,1651.084679650672,-7024.0,136.0,-4572.205882352941,-4688.0,1647.4517805924283,1
304.0,1628.0,738.7787716159809,764.0,108.82510625450192,-2588.0,2492.0,-442.0660565061679,-428.0,768.7307529733022,-3444.0,1200.0,-1351.3465976920015,-1434.0,768.0968131237388,0
348.0,1388.0,741.9497487437186,716.0,212.7400978508876,-916.0,544.0,-150.05541561712846,-188.0,381.710807426166,-1068.0,348.0,-466.9521410579345,-512.0,335.34593624174744,0
352.0,944.0,877.1538461538462,892.0,89.94130235782939,264.0,608.0,417.84615384615387,468.0,107.20924626732108,112.0,288.0,131.46153846153845,124.0,31.093198327745583,0
348.0,1144.0,662.4,716.0,226.89463046386385,280.0,456.0,385.6,396.0,57.33271317494054,112.0,212.0,138.4,128.0,28.688673723265776,1
352.0,1188.0,583.0555555555555,558.0,151.5409633737588,136.0,504.0,298.8888888888889,292.0,101.24386888920397,60.0,216.0,126.22222222222224,130.0,43.78172571031023,1
592.0,684.0,630.475,632.0,16.72047771446737,224.0,564.0,501.825,528.0,67.01171073028952,112.0,204.0,195.425,200.0,20.502911378631087,0
448.0,1388.0,709.5941605839416,688.0,144.3271384238226,248.0,532.0,358.0963503649635,304.0,93.1309543503824,76.0,312.0,161.5941605839416,152.0,35.6790882473753,1
388.0,908.0,616.2941176470588,542.0,154.97751818205282,216.0,432.0,374.11764705882354,380.0,44.40175189037316,104.0,292.0,148.76470588235293,132.0,41.06956710948575,1
700.0,940.0,730.0,724.0,39.55276289504412,288.0,548.0,330.7368421052632,300.0,83.8901801575715,152.0,160.0,154.6315789473684,156.0,2.107893094157977,0
576.0,780.0,609.679012345679,604.0,20.78569496249576,308.0,560.0,501.9876543209877,520.0,59.52611084453248,108.0,212.0,201.3827160493827,204.0,15.89049556852143,0
380.0,1740.0,475.0182555780933,452.0,97.60612194932968,-26540.0,400.0,-17529.963470319635,-22854.0,8171.361956115006,-26628.0,152.0,-17724.721461187215,-22998.0,8170.288546406948,1
336.0,808.0,475.3333333333333,406.0,156.34861332576278,232.0,328.0,290.6666666666667,308.0,35.60274646084984,76.0,124.0,97.33333333333331,96.0,20.352450029965,1
584.0,784.0,618.4411764705883,616.0,22.963770924795977,220.0,560.0,497.6470588235294,520.0,71.62232742285836,108.0,208.0,197.5,200.0,18.72989117772476,0
372.0,1100.0,733.4545454545455,684.0,216.8687762581384,320.0,484.0,388.7272727272728,372.0,51.13456562495561,112.0,208.0,146.54545454545453,132.0,28.452076570208803,1
676.0,1140.0,784.2962962962963,770.0,71.21735889868987,280.0,580.0,334.2962962962963,308.0,82.97291606962716,148.0,160.0,156.44444444444446,156.0,3.1426968052735447,0
408.0,816.0,635.9727891156463,640.0,45.660674751381485,-328.0,552.0,317.86301369863014,498.0,302.34160644571875,-616.0,204.0,17.561643835616437,200.0,288.7666255096955,0
352.0,904.0,544.8515406162466,528.0,99.667080720864,-1288.0,440.0,-276.056338028169,-284.0,369.4757262919776,-1360.0,200.0,-429.83661971830986,-420.0,358.3131784769629,1
400.0,916.0,627.3513513513514,624.0,44.73438096717325,224.0,560.0,485.4054054054054,516.0,76.30219417321142,64.0,212.0,195.1711711711712,200.0,21.26532256217627,0
388.0,924.0,542.1224489795918,518.0,106.38429235234224,-8556.0,420.0,-3346.5853658536585,-3260.0,2273.457568524956,-8852.0,152.0,-3566.5365853658536,-3460.0,2266.8208327271705,1
380.0,916.0,534.8489208633093,508.0,94.15400774844616,-2100.0,404.0,-1171.7333333333331,-1392.0,657.5400531385761,-2184.0,152.0,-1327.3777777777775,-1540.0,658.9877519984349,1
372.0,1344.0,804.4950099800399,828.0,137.20913640918712,-1068.0,684.0,23.463560732113145,288.0,399.9100394928274,-1216.0,240.0,-196.88252911813643,72.0,389.8751246526099,0
460.0,944.0,755.609756097561,744.0,70.55351819157428,288.0,564.0,318.4390243902439,304.0,61.90395738974691,148.0,296.0,158.2439024390244,156.0,22.1577278132064,0
500.0,1204.0,830.2,850.0,182.40383767892607,336.0,568.0,460.4,442.0,74.33868441128078,108.0,204.0,138.4,132.0,23.542302351299465,1
404.0,892.0,529.472,508.0,92.55351541675768,-7936.0,436.0,-2893.454545454545,-2608.0,1924.0940235784344,-8055.999999999999,192.0,-3122.2545454545457,-2838.0,1934.5950219213776,1
340.0,948.0,548.2,512.0,146.3829225012262,168.0,492.0,318.3157894736842,348.0,79.6552126893605,64.0,192.0,88.0,76.0,29.07703018209608,1
520.0,1144.0,703.9,684.0,86.47999768732652,176.0,500.0,245.2,252.0,52.61330630173322,72.0,164.0,134.3,158.0,33.333316666662505,0
388.0,844.0,524.5,508.0,97.07871195988064,-9488.0,348.0,-5062.089552238806,-3872.0,2918.2394085667024,-9584.0,112.0,-5266.0298507462685,-4068.0,2919.4512568117966,1
316.0,2876.0,546.1566579634465,528.0,151.18127207052507,-41976.0,4.0,-21714.93371757925,-22056.0,10690.988520392166,-42264.0,-284.0,-21940.818443804037,-22236.0,10693.658301087104,1
308.0,1212.0,513.0871794871795,468.0,127.90744887089294,208.0,37224.0,16784.95046854083,16488.0,10547.289493968015,112.0,31496.0,13104.04780876494,12236.0,8908.352200602827,1
376.0,1436.0,555.026706231454,532.0,117.49068729613109,-1148.0,496.0,-195.1904761904762,-232.0,249.90724356346203,-1352.0,220.0,-362.2142857142857,-400.0,228.89663249455407,1
440.0,1200.0,598.0,578.0,136.40527849024025,276.0,456.0,354.2,308.0,75.08368664363785,140.0,288.0,155.8,152.0,21.779807161680747,1
308.0,1124.0,521.3802816901408,512.0,125.92423009041713,-1368.0,476.0,-306.3884892086331,-284.0,427.9400803681367,-1800.0,244.0,-529.3525179856115,-460.0,502.8676451481296,1
404.0,1016.0,588.2558139534884,560.0,115.44546543478336,144.0,520.0,269.5813953488372,232.0,91.35930409413498,52.0,224.0,109.25581395348836,100.0,42.90286108703893,1
324.0,816.0,466.54545454545456,452.0,116.16839681571224,-3824.0,244.0,-1271.2413793103449,-440.0,1384.6541122971994,-3932.0,124.0,-1418.344827586207,-570.0,1392.6199638998992,1
364.0,996.0,522.4857768052516,504.0,93.82912162361512,-28952.0,448.0,-12852.616915422886,-10098.0,9673.802148970452,-29100.0,180.0,-13077.701492537311,-10328.0,9676.677622068462,1
388.0,984.0,610.0261437908497,608.0,29.729487949796614,228.0,556.0,494.6078431372549,516.0,63.49038682769975,60.0,208.0,198.59477124183007,200.0,15.103537181904974,0
392.0,924.0,538.3225806451613,484.0,136.80133632076377,-240.0,468.0,197.06666666666663,246.0,229.31302235639,-480.0,200.0,-20.53333333333333,90.0,227.51699326033255,1
452.0,1040.0,690.0952380952381,676.0,72.15981256040536,180.0,488.0,254.95238095238096,260.0,47.49784575613848,76.0,164.0,145.23809523809524,160.0,28.2773757149468,0
412.0,876.0,555.1111111111111,484.0,167.62686369463208,212.0,468.0,335.1111111111111,340.0,87.5296069839539,100.0,228.0,142.22222222222223,116.0,46.57557246687672,1
1068.0,1356.0,1140.0,1132.0,48.63126566315131,448.0,480.0,459.875,460.0,7.841197293781097,144.0,164.0,151.625,152.0,5.035809269620922,0
304.0,892.0,665.1724137931035,676.0,116.27081021463086,172.0,540.0,285.2413793103448,254.0,97.57672672362762,72.0,164.0,137.10344827586206,156.0,31.02651238647384,0
452.0,928.0,593.1578947368421,582.0,110.31403172565068,-1384.0,444.0,-223.66666666666663,-178.0,504.01708524832986,-1508.0,208.0,-428.8888888888889,-434.0,508.226643327221,1
532.0,1676.0,860.0,874.0,185.24863689448395,-1080.0,596.0,-113.91907514450868,220.0,451.0379222681837,-1248.0,324.0,-269.757225433526,72.0,449.5459096416503,1
328.0,904.0,591.58,608.0,59.2741393864137,212.0,528.0,450.52,484.0,77.4741866688512,56.0,208.0,175.55,200.0,40.38164805948365,0
304.0,1260.0,517.0062893081761,492.0,148.72402777773345,-6532.0,432.0,-2341.309904153354,-2384.0,1435.5656419217216,-6760.0,148.0,-2583.488817891374,-2606.0,1434.6139935807946,1
388.0,840.0,536.3243243243244,524.0,90.55923969873936,-5976.0,428.0,-3180.64,-3264.0,1792.234513226436,-6148.0,172.0,-3414.92,-3504.0,1802.6040590212813,1
376.0,728.0,538.1923076923077,524.0,89.85608974301812,-2112.0,476.0,-819.76,-1212.0,821.7352994730117,-2232.0,188.0,-982.48,-1370.0,821.2787648539319,1
324.0,1552.0,640.4708333333333,620.0,162.42083707447213,188.0,3560.0,1621.5120418848169,1724.0,821.3389914403363,-1028.0,336.0,-124.29614181438998,68.0,327.5267509244726,1
364.0,1252.0,554.6459143968872,528.0,128.22343063668862,-3208.0,504.0,-742.5873015873016,-772.0,1004.6834948968334,-3300.0,208.0,-911.063492063492,-950.0,1000.08162163746,1
356.0,872.0,526.88,510.0,94.5051617637894,-4944.0,420.0,-1472.2222222222222,-1484.0,1340.926560071868,-5104.0,196.0,-1688.8444444444444,-1758.0,1331.310264456379,1
384.0,836.0,560.4615384615385,548.0,105.4031202169997,-1244.0,484.0,-351.28125,-536.0,557.7574368831289,-1400.0,204.0,-545.9375,-782.0,552.6649039822865,1
384.0,1088.0,565.8064516129032,532.0,136.90215154686808,-1472.0,500.0,-114.26666666666668,-62.0,539.9628135344136,-1776.0,216.0,-349.77777777777777,-326.0,535.2416230654417,1
424.0,636.0,498.6666666666667,436.0,97.23282481869084,216.0,360.0,276.0,252.0,61.18823416311342,96.0,132.0,117.33333333333331,124.0,15.4344492037203,1
320.0,1472.0,1032.2775052557813,1076.0,167.51885356123773,152.0,752.0,441.2585844428872,392.0,127.14887505483044,56.0,536.0,120.90539593552909,120.0,24.39154776307592,0
524.0,920.0,697.3333333333334,664.0,148.0840602120596,344.0,480.0,439.3333333333333,454.0,46.785562825394,80.0,168.0,122.66666666666669,116.0,35.15047020390418,1
364.0,1040.0,522.972972972973,516.0,94.2683021118622,-16360.0,436.0,-8193.354497354498,-8332.0,4194.229064531431,-16636.0,152.0,-8407.513227513227,-8560.0,4194.33113221291,1
312.0,2572.0,552.789401598725,508.0,150.15540222822852,-1716552.0,484.0,-761915.1337414709,-502108.0,657713.769620028,-1719792.0,176.0,-763956.7494268994,-504092.0,658425.170727129,1
416.0,980.0,609.5238095238095,604.0,37.3535593236513,216.0,552.0,479.35930735930737,504.0,67.03675988051499,68.0,208.0,193.5584415584416,200.0,24.199653054555768,0
304.0,1440.0,595.710843373494,544.0,194.726903613381,-13792.0,504.0,-6438.809061488673,-8416.0,4469.045660863435,-13924.0,276.0,-6787.870550161812,-9084.0,4567.10717177929,1
464.0,1248.0,870.9629629629629,904.0,152.2321525101958,248.0,584.0,402.8148148148149,424.0,114.10620038239136,92.0,116.0,101.92592592592592,100.0,5.262909531357515,0
352.0,1208.0,714.4602960969045,760.0,170.34964668237907,-760.0,608.0,202.6738544474393,344.0,342.6597234603284,-1080.0,304.0,-62.27493261455525,120.0,334.13233960353307,1
308.0,912.0,458.1224489795918,436.0,111.66549281294988,-1992.0,376.0,-723.020979020979,-904.0,635.7829979945215,-2108.0,176.0,-858.013986013986,-1028.0,629.8582589581707,1
344.0,924.0,526.3529411764706,508.0,138.10862782456704,-1992.0,452.0,-635.3333333333334,-358.0,650.7556291641962,-2144.0,180.0,-868.4166666666666,-634.0,630.4248512357008,1
360.0,1140.0,886.6410882455529,908.0,65.51950555813151,-18740.0,612.0,-9594.007727432385,-13264.0,6518.532649207271,-18992.0,292.0,-9832.644889357218,-13524.0,6536.081284567741,0
332.0,1268.0,550.8077753779697,528.0,150.6511560694861,-22108.0,460.0,-10872.522565320663,-10944.0,6449.850491009785,-22296.0,200.0,-11096.74109263658,-11196.0,6452.680204851207,1
456.0,900.0,736.4285714285714,762.0,110.28451146642377,276.0,508.0,327.7142857142857,304.0,65.64779244621424,112.0,160.0,153.57142857142858,156.0,9.990812105660492,0
380.0,940.0,550.204334365325,532.0,105.65904792519125,-3372.0,412.0,-708.3280757097792,-380.0,808.1414083558965,-3452.0,172.0,-884.1766561514196,-540.0,804.6772852898073,1
324.0,2044.0,684.4098073555166,656.0,195.7818941997964,188.0,2844.0,970.9675153643548,968.0,506.0300006358509,-3296.0,348.0,-440.6912280701754,-368.0,629.9664035265499,1
312.0,844.0,472.2167487684729,448.0,122.57545103857976,-10484.0,232.0,-5782.222222222223,-7180.0,3256.3319574766865,-10612.0,104.0,-5932.044444444445,-7278.0,3254.8589589211288,1
320.0,2248.0,567.6969359331476,564.0,68.4182253209706,300.0,22400.0,8550.232822260079,8624.0,5592.055583537354,56.0,212.0,142.11371237458195,196.0,65.46368700182322,0
580.0,744.0,614.3260869565217,612.0,21.67101284507877,232.0,556.0,470.1521739130435,512.0,85.50399619222085,108.0,208.0,198.5217391304348,200.0,16.62598690164545,0
388.0,1080.0,810.2439024390244,856.0,144.22488883816388,188.0,584.0,344.1951219512195,314.0,129.4971926453771,72.0,432.0,159.5121951219512,160.0,88.74274190897475,1
416.0,688.0,614.3064516129032,612.0,24.479806496756183,236.0,556.0,493.6612903225807,514.0,62.36842758660339,64.0,208.0,199.93548387096772,200.0,12.16004956449727,0
464.0,2120.0,788.4571428571429,720.0,265.2503230489098,204.0,576.0,435.4285714285714,472.0,122.93977287721836,60.0,312.0,147.0857142857143,152.0,37.499997278911465,0
316.0,928.0,485.8076923076923,452.0,128.17881717194004,-2648.0,452.0,-1284.6868686868686,-1676.0,995.8011306720688,-2852.0,188.0,-1510.5050505050506,-1928.0,1010.2822625259204,1
336.0,1092.0,546.4249628528975,520.0,108.56334871600995,-37504.0,464.0,-19416.35702479339,-19596.0,12320.178327763975,-37668.0,200.0,-19650.20826446281,-19840.0,12320.74506238008,1
352.0,1364.0,569.975,556.0,119.65053019105264,-1928.0,524.0,-472.9921507064364,-208.0,770.4865686880307,-2112.0,212.0,-628.0627943485086,-396.0,767.8183302107186,1
416.0,844.0,698.0,698.0,100.0466557828563,216.0,564.0,286.0,262.0,85.28383981349182,116.0,168.0,156.66666666666666,160.0,12.631530214330944,0
440.0,1332.0,820.2935779816514,820.0,87.52449751457988,256.0,1492.0,760.9629629629629,564.0,433.05183005865103,68.0,384.0,204.954128440367,168.0,86.74314983091753,0
380.0,1144.0,661.5294117647059,630.0,175.90643156053125,272.0,496.0,377.1764705882353,388.0,88.52532724601384,84.0,308.0,181.8823529411765,154.0,61.992297769150014,1
380.0,988.0,517.2280701754386,506.0,96.8299318562877,-8664.0,436.0,-4028.536082474227,-3360.0,2464.768231348551,-8784.0,160.0,-4235.257731958763,-3592.0,2458.156501767633,1
312.0,1452.0,624.7820895522389,608.0,142.01344368290825,176.0,560.0,473.4588938714499,508.0,77.37316753681999,64.0,276.0,181.70403587443943,196.0,34.699164063436086,0
396.0,1000.0,566.5957446808511,534.0,124.44765789825192,-5096.0,532.0,-803.8139534883721,-194.0,1586.9674936342622,-5244.0,232.0,-1039.953488372093,-396.0,1583.8337350120592,1
408.0,820.0,545.7142857142857,528.0,111.42710621747295,-1664.0,428.0,-554.3478260869565,-706.0,622.60690429667,-1796.0,216.0,-784.2608695652174,-956.0,616.1170990754573,1
384.0,1284.0,733.5126050420168,696.0,177.99102354602508,192.0,564.0,408.5042016806723,444.0,125.64488265332469,52.0,356.0,161.14285714285714,164.0,72.77665681185611,1
408.0,1012.0,554.583850931677,520.0,116.82713029407154,-6480.0,484.0,-1448.3708609271523,-1540.0,1749.3678465269024,-6676.0,220.0,-1676.8741721854306,-1832.0,1753.6555058431468,1
304.0,1332.0,518.6169491525424,432.0,199.00426462728092,-2256.0,360.0,-510.5392491467577,-500.0,426.784592095296,-2540.0,140.0,-734.4573378839591,-676.0,435.7464534903663,1
428.0,1760.0,669.4814814814815,608.0,251.1323054532205,220.0,528.0,358.81481481481484,368.0,85.22086209418923,56.0,284.0,128.88888888888889,100.0,70.68203885913275,1
380.0,900.0,676.3456790123457,692.0,128.21000909424487,168.0,556.0,264.39506172839504,240.0,109.78696306740656,72.0,164.0,119.95061728395062,116.0,35.96702922089876,0
816.0,1060.0,905.752808988764,900.0,55.189821749067576,228.0,636.0,510.1123595505618,532.0,106.66691179536704,120.0,280.0,130.74157303370785,128.0,24.654706727472945,0
532.0,788.0,754.3846153846154,756.0,22.685266182594106,272.0,528.0,375.1025641025641,376.0,16.675323195722125,112.0,140.0,116.71794871794872,116.0,3.4932074596772105,0
680.0,984.0,863.1801242236024,860.0,45.03496063601781,220.0,608.0,492.2981366459628,540.0,113.72719044916036,100.0,316.0,157.59006211180125,132.0,54.28661823941439,0
320.0,1152.0,859.6366379960766,860.0,60.17543516651279,-9988.0,644.0,-1554.5380894800485,-600.0,2321.051815251274,-10092.0,172.0,-1722.337968561064,-736.0,2289.577012079214,0
348.0,1012.0,522.2164948453608,500.0,103.37358202112782,-1144.0,488.0,-252.25906735751292,-292.0,484.7789467217223,-1280.0,204.0,-426.860103626943,-450.0,491.7743554705093,1
392.0,700.0,624.9230769230769,632.0,41.00743185637966,304.0,560.0,480.9230769230769,498.0,60.66612479979954,120.0,200.0,187.84615384615384,188.0,13.744068112608568,0
304.0,2724.0,584.1102728351127,592.0,107.05402140164948,-3500.0,508.0,-619.8485049833887,-764.0,664.8949999868357,-4624.0,228.0,-1454.8525866160417,-1620.0,918.1460283036148,0
388.0,948.0,629.8136645962733,628.0,48.49834536063887,228.0,564.0,502.60869565217394,524.0,62.38850167921119,108.0,244.0,194.40993788819875,200.0,23.79740370245268,0
380.0,1228.0,562.0449438202247,534.0,134.25599479113174,-1848.0,-176.0,-1026.6285714285714,-972.0,353.22454903476955,-2060.0,-296.0,-1186.4685714285715,-1184.0,347.8891578579333,1
360.0,1180.0,676.1012658227849,708.0,181.1512826716597,216.0,480.0,399.9493670886076,404.0,63.75425500501903,108.0,272.0,140.30379746835442,128.0,33.71224261355109,0
420.0,852.0,548.1951219512196,508.0,116.88627358169305,-540.0,464.0,1.4,-94.0,268.8993120110202,-716.0,208.0,-216.2,-332.0,270.40406801673674,1
316.0,1184.0,649.5965201034563,652.0,121.54668997353092,-22640.0,464.0,-9725.170501474926,-9784.0,7222.257033374053,-22896.0,204.0,-9975.67197640118,-10032.0,7220.334349362868,1
384.0,680.0,516.5714285714286,520.0,98.2691015860561,180.0,344.0,253.14285714285717,252.0,48.46037725054672,96.0,120.0,110.85714285714286,112.0,7.317856271351827,1
416.0,1232.0,696.2361904761905,708.0,179.91499957258097,208.0,492.0,393.79047619047617,380.0,67.93247280703099,104.0,276.0,132.43428571428572,124.0,27.95632589993058,1
424.0,1120.0,663.3725490196078,608.0,175.89903083975548,172.0,492.0,351.84313725490193,360.0,92.318156723073,56.0,300.0,136.7843137254902,144.0,49.97266457695832,1
360.0,852.0,639.6666666666666,644.0,143.81894481913324,292.0,444.0,403.0,410.0,43.699733027407234,112.0,272.0,168.0,140.0,49.61182654703749,1
376.0,1268.0,702.3529411764706,688.0,205.82524698216943,144.0,496.0,416.4313725490196,440.0,64.43700523157597,80.0,332.0,148.58823529411765,128.0,50.82965649341685,1
868.0,1020.0,912.5405405405404,910.0,22.78287004034793,256.0,620.0,417.1891891891892,438.0,121.28452984788976,120.0,288.0,129.40540540540542,124.0,25.57390927579233,0
304.0,1376.0,893.5012800819252,964.0,196.3984974841447,144.0,844.0,293.441884280594,208.0,156.3287522441765,56.0,476.0,100.68817204301077,96.0,30.22146533697998,0
500.0,1304.0,1056.31151241535,1056.0,43.71457317756113,172.0,760.0,326.076749435666,272.0,123.18197911463598,68.0,232.0,137.32279909706546,124.0,28.082466422694427,0
848.0,936.0,886.4285714285714,888.0,20.517289871556365,168.0,176.0,170.42857142857142,172.0,2.226922466874271,68.0,72.0,71.14285714285714,72.0,1.6413036132965797,0
348.0,1584.0,751.6564417177914,752.0,88.60572211909682,152.0,592.0,347.7546012269939,324.0,112.3903742371205,52.0,276.0,119.12883435582822,116.0,32.43230746266646,0
360.0,1104.0,586.7652173913043,596.0,103.45175985094257,140.0,480.0,279.3565217391304,248.0,91.42164060281569,52.0,164.0,119.35652173913044,134.0,33.94629807680202,0
376.0,980.0,621.1176470588235,668.0,156.6815362645783,160.0,504.0,311.11764705882354,258.0,105.90749701449576,64.0,220.0,139.1764705882353,156.0,32.077544452957866,0
524.0,1404.0,896.6666666666666,880.0,120.53367641351711,212.0,640.0,405.7391304347826,404.0,47.521666202524365,60.0,272.0,110.31884057971014,108.0,16.121362866852486,0
436.0,980.0,868.0,940.0,175.46129677700057,312.0,584.0,490.6666666666667,506.0,75.90051968787098,56.0,136.0,123.33333333333331,132.0,20.96558025802185,0
368.0,1492.0,738.7482868889904,768.0,171.56189797280985,188.0,548.0,421.7523983554135,444.0,64.70923051184224,64.0,284.0,151.69118318867064,132.0,46.769670937630366,1
304.0,4072.0,582.872674495316,584.0,39.69313638382197,300.0,81092.0,44218.15640599002,56348.0,21622.20560621035,48.0,244.0,188.4913576989049,204.0,41.747565683806286,0
544.0,1584.0,931.157894736842,948.0,143.70835347580098,260.0,640.0,460.2526315789474,480.0,113.11893772495462,76.0,288.0,130.06315789473683,124.0,27.15329214364673,0
384.0,884.0,647.0407239819004,648.0,66.88534910776578,160.0,540.0,250.73303167420812,248.0,74.84273856055336,72.0,172.0,137.66515837104072,160.0,32.671352785708486,0
376.0,908.0,551.9047619047619,524.0,120.4356792419386,-9416.0,480.0,-3850.109090909091,-3210.0,2495.134739832171,-9556.0,200.0,-4084.690909090909,-3420.0,2497.3721088210614,1
536.0,1800.0,921.152709359606,1020.0,276.5581051910187,216.0,1868.0,815.3876543209876,596.0,496.0328347810431,72.0,432.0,203.04433497536945,168.0,77.86962076038141,0
372.0,852.0,527.9574468085107,524.0,99.36735142717365,-6280.0,436.0,-2857.609756097561,-2208.0,1999.4384440667675,-6520.0,164.0,-3078.7804878048782,-2432.0,1998.55896270892,1
304.0,2172.0,811.265306122449,968.0,445.61953093121406,176.0,604.0,370.2040816326531,376.0,112.70350837337232,60.0,284.0,117.79591836734694,84.0,59.03198012279298,0
352.0,944.0,763.2903225806451,820.0,129.37139839837806,-648.0,532.0,175.6972972972973,192.0,313.54254031517,-760.0,192.0,-26.68108108108108,80.0,287.40071078720985,0
484.0,1216.0,1078.784,1092.0,99.56606522304676,468.0,672.0,498.848,496.0,27.41942552279314,160.0,188.0,167.488,168.0,4.232476343702348,0
472.0,1604.0,811.9215686274509,768.0,185.470661824288,164.0,576.0,206.07843137254903,172.0,100.02624030963366,68.0,136.0,78.98039215686275,72.0,17.656293879852115,1
384.0,1136.0,589.0852017937219,572.0,123.32583589398578,-2608.0,556.0,-848.4705882352941,-1086.0,916.5744584171712,-2728.0,228.0,-1024.1538461538462,-1256.0,915.0879362566704,1
308.0,3276.0,773.807921866522,752.0,83.90744456587925,148.0,676.0,457.4176885512751,484.0,75.8948063414107,40.0,284.0,153.13206728160608,164.0,31.15074627345538,0
464.0,1392.0,820.8211920529801,816.0,96.36060075939471,-676.0,576.0,437.92,520.0,221.17297966373135,-1052.0,140.0,66.56,128.0,218.9021236382446,0
356.0,1164.0,538.9349112426036,508.0,125.04541858940384,-7512.0,440.0,-4703.142857142857,-5962.0,2539.960321370649,-8196.0,176.0,-5041.038961038961,-6176.0,2643.817971422107,1
332.0,980.0,628.1320754716982,612.0,110.79839548866325,140.0,584.0,282.9245283018868,272.0,95.46062095481771,56.0,292.0,98.09433962264151,96.0,30.01745665124187,0
568.0,668.0,610.2513661202186,608.0,21.048011361806157,232.0,1172.0,652.4835164835165,524.0,292.2611117145102,108.0,212.0,197.11475409836063,204.0,21.047511977871824,0
304.0,1456.0,737.8028169014085,652.0,346.53555473614887,172.0,564.0,395.1549295774648,460.0,127.7107921021604,68.0,200.0,153.9154929577465,188.0,54.07916640298277,0
384.0,976.0,557.5730337078652,528.0,124.2420515071557,-3584.0,476.0,-658.4761904761905,-570.0,1115.1418282228292,-3696.0,212.0,-886.2857142857143,-710.0,1100.112944108885,1
392.0,928.0,616.9856459330143,612.0,32.62172324469668,224.0,560.0,493.85645933014354,520.0,70.28417007790739,64.0,208.0,199.52153110047848,204.0,18.14563006563007,0
428.0,1160.0,968.0,988.0,139.2149417268132,216.0,672.0,387.1,312.0,142.81312964850258,56.0,204.0,139.1,146.0,31.502222143842488,0
376.0,1444.0,600.4884792626729,576.0,137.00207239170814,-884.0,540.0,146.97459584295612,236.0,292.1708851758969,-964.0,232.0,-33.505773672055426,88.0,275.79954830322487,1
508.0,1292.0,892.2093901780896,892.0,40.05737086896877,212.0,620.0,408.0086346465192,416.0,123.90815293019205,104.0,320.0,131.80140313005936,124.0,31.30870021751515,0
312.0,2736.0,956.2806711701896,960.0,106.60599104844214,144.0,748.0,472.2353453911528,472.0,56.56441632278322,40.0,244.0,152.44715624319025,156.0,20.689837868374088,0
320.0,468.0,394.0,394.0,74.0,,,,,,,,,,,1
352.0,2052.0,772.2597402597403,828.0,183.5088307863028,264.0,1824.0,901.923639317628,976.0,416.5441248882966,56.0,500.0,158.03246753246754,136.0,49.01787625563333,1
912.0,1064.0,1028.25,1036.0,35.67824967679889,332.0,616.0,383.5,342.0,93.66829773194344,156.0,340.0,194.75,164.0,69.82433315113006,0
304.0,2472.0,885.7871342062712,916.0,138.7984234075301,-2208.0,692.0,-634.6107359142649,-728.0,886.2589536229852,-2328.0,372.0,-804.4405973556549,-852.0,883.6388466928148,0
396.0,1408.0,742.4888888888889,724.0,155.77342837484937,220.0,1768.0,448.4447533009034,312.0,270.544653543048,36.0,320.0,160.25833333333333,152.0,33.39843538417797,1
384.0,884.0,547.1192660550458,520.0,105.04395975985544,-16804.0,400.0,-7768.149732620321,-7900.0,4834.00329208075,-17072.0,144.0,-7998.866310160428,-8060.000000000001,4835.177869004177,1
308.0,752.0,425.8705035971223,404.0,80.70666617135534,204.0,33116.0,16620.64139941691,18084.0,8560.379169773834,100.0,248.0,166.2925659472422,188.0,46.55788040394968,1
304.0,1900.0,604.8527629233512,576.0,157.71228140030016,176.0,73580.0,42561.28073059361,50916.0,21458.346774347065,-14124.0,336.0,-7458.110196779964,-8932.0,3957.503330072467,1
464.0,1684.0,724.0552486187845,708.0,158.0269130081422,260.0,540.0,358.1546961325967,308.0,93.92272798176968,116.0,312.0,160.27624309392266,152.0,32.68011609672771,1
472.0,1548.0,1076.1379310344828,1104.0,194.45125692537275,-1212.0,692.0,372.7142857142857,474.0,324.8754549431056,-1384.0,272.0,112.71428571428572,168.0,289.8098954663282,0
400.0,980.0,678.8372093023256,672.0,56.5681027026256,172.0,552.0,237.86046511627907,248.0,57.71686360128826,76.0,168.0,136.97674418604652,156.0,32.18513911881305,0
364.0,1132.0,539.5126050420168,516.0,110.6957269218644,-17696.0,60.0,-9506.48275862069,-9444.0,5376.319848809017,-17856.0,-208.0,-9737.458128078815,-9720.0,5380.722115543596,1
428.0,840.0,692.0,690.0,86.98717854241066,168.0,496.0,266.46153846153845,260.0,70.23544512195598,76.0,168.0,147.23076923076923,160.0,27.197720057596023,0
372.0,956.0,550.7081712062256,524.0,109.4149121791054,-10976.0,428.0,-5134.210970464135,-5288.0,3315.877126801961,-11196.0,196.0,-5357.957805907173,-5408.0,3316.372368414526,1
380.0,848.0,512.2086956521739,500.0,79.0074840320921,-5384.0,384.0,-3237.576923076923,-4074.0,1618.1743196263576,-5512.0,120.0,-3418.346153846154,-4282.0,1620.2027043720295,1
808.0,1028.0,927.0819672131148,928.0,60.13708249667621,224.0,644.0,508.8196721311475,534.0,120.01413963099478,120.0,304.0,133.11475409836066,128.0,32.22568894869775,0
348.0,1052.0,518.4080604534005,500.0,101.28984142218488,-22452.0,8.0,-11479.55807365439,-10864.0,6844.215511584001,-22632.0,-272.0,-11693.484419263455,-11092.0,6838.191409369416,1
308.0,7832.0,815.9327135900841,824.0,165.52465819693154,-8092.000000000001,8276.0,-942.2493909191584,-1380.0,1138.2756755026155,-13708.0,296.0,-3337.9685492801773,-3946.0,1412.2486417955504,0
376.0,936.0,672.6666666666666,622.0,207.4212032448842,176.0,468.0,304.3333333333333,288.0,100.56451770988724,80.0,136.0,99.0,90.0,19.33045955653064,0
908.0,1020.0,962.3809523809524,964.0,24.67401986373172,324.0,616.0,376.2857142857143,348.0,75.71069173860066,156.0,204.0,165.33333333333334,164.0,9.428090415820634,0
452.0,948.0,706.6206896551724,692.0,97.8177100505035,168.0,560.0,275.86206896551727,256.0,95.37429861917042,80.0,164.0,141.6551724137931,156.0,28.333331001841785,0
304.0,1448.0,863.2248062015503,872.0,103.4973871752047,212.0,620.0,425.8062015503876,420.0,51.429725895894286,60.0,204.0,106.4031007751938,108.0,9.72132585770608,0
384.0,996.0,658.025974025974,664.0,99.44390496375772,152.0,520.0,247.8961038961039,196.0,106.71379180520084,68.0,164.0,101.03896103896103,88.0,31.2935168417223,0
316.0,1628.0,526.2222222222222,456.0,264.1639969487716,160.0,424.0,266.22222222222223,270.0,70.95190511541021,60.0,176.0,88.22222222222223,76.0,26.56554902616786,1
304.0,404.0,334.85714285714283,328.0,30.74052035728632,156.0,244.0,202.28571428571428,196.0,27.201440538084352,68.0,124.0,84.0,80.0,17.10471948239516,1
628.0,704.0,650.5217391304348,648.0,14.163239512807955,232.0,560.0,488.9565217391304,522.0,81.81074568564223,112.0,204.0,195.56521739130437,200.0,14.330951869100677,0
328.0,756.0,485.4117647058824,492.0,110.05830477445576,-516.0,244.0,-179.75757575757575,-172.0,171.32620495188107,-664.0,96.0,-340.3636363636364,-376.0,171.35287322520867,1
376.0,1048.0,548.9402390438247,516.0,125.46369935133802,-10744.0,412.0,-6220.521739130435,-6796.0,3019.713364882361,-10972.0,172.0,-6452.904347826087,-7066.0,3030.816222316912,1
588.0,848.0,616.0,612.0,25.50604586435377,208.0,540.0,480.6700507614213,508.0,69.46202093067889,64.0,204.0,190.8223350253807,200.0,28.092557473654843,0
572.0,684.0,610.8474576271186,608.0,19.205237244151316,316.0,548.0,467.457627118644,492.0,63.70464741950944,180.0,208.0,197.28813559322035,200.0,7.52633984345921,0
304.0,1920.0,582.5621854780733,580.0,85.93728328128961,312.0,32916.0,11215.658246656762,7408.0,8773.62152707996,60.0,212.0,177.2710280373832,200.0,41.18078204452459,0
328.0,644.0,481.1428571428572,468.0,117.8806037255234,156.0,352.0,283.42857142857144,320.0,72.83417004765423,60.0,180.0,126.28571428571428,124.0,39.41614711081265,1
436.0,1156.0,726.3655913978495,726.0,207.62226789984751,192.0,512.0,388.1075268817205,376.0,63.54195335224728,92.0,264.0,129.76344086021504,120.0,34.231155352436346,1
396.0,1132.0,571.4621848739496,532.0,136.11850928516753,-8240.0,468.0,-4112.77130044843,-3408.0,2462.535274688801,-8428.0,160.0,-4342.959641255606,-3636.0,2466.26474038608,1
596.0,712.0,635.0943396226415,636.0,17.07062372543026,316.0,568.0,509.4339622641509,528.0,58.71887274442463,108.0,204.0,197.2075471698113,200.0,15.22827371696209,0
596.0,768.0,637.1466666666666,636.0,21.25821775742789,228.0,552.0,514.7466666666667,532.0,45.98698173275659,108.0,204.0,195.97333333333333,200.0,16.443822210450005,0
340.0,1068.0,602.3076923076923,604.0,55.23105492390933,208.0,532.0,458.79487179487177,492.0,77.8538010162373,60.0,204.0,184.89743589743588,196.0,32.143610606574484,0
380.0,928.0,534.5365853658536,508.0,106.57996674759056,-5488.0,428.0,-2573.097345132743,-3024.0,1775.12896185936,-5664.0,200.0,-2799.716814159292,-3276.0,1788.90786611108,1
364.0,872.0,565.7142857142857,542.0,114.27999985713572,-5196.0,432.0,-2219.294117647059,-1834.0,1526.517956120253,-5356.0,140.0,-2471.058823529412,-2126.0,1523.057417992039,1
396.0,1604.0,774.2314122305323,780.0,179.34034952190032,-325104.0,644.0,-162090.8727858293,-168668.0,84696.92347113616,-325212.0,224.0,-162363.11969940955,-168908.0,84680.33527927463,1
948.0,1176.0,1007.625,1000.0,50.99371897596801,300.0,652.0,443.25,442.0,117.6793843457723,120.0,140.0,125.625,124.0,3.443744328488977,0
304.0,720.0,452.0,440.0,99.51265864586892,-452.0,40.0,-229.66666666666663,-218.0,111.50435965567546,-580.0,-160.0,-357.0,-346.0,97.73603907123172,1
392.0,1208.0,626.1178671655753,588.0,113.72810349077388,196.0,440.0,330.3199251637044,368.0,71.91164015836158,88.0,272.0,110.77642656688494,100.0,37.27660074993496,1
824.0,944.0,868.1212121212121,864.0,28.44639570901369,252.0,592.0,472.1212121212121,504.0,111.76375451269158,120.0,280.0,131.03030303030303,128.0,26.515272726995672,0
396.0,904.0,504.8135593220339,488.0,93.91457975586674,-5396.0,356.0,-2731.75,-3476.0,1547.2792047655782,-5500.0,136.0,-2921.75,-3608.0,1539.5079097447556,1
412.0,1068.0,640.7757575757576,624.0,142.94420829481737,-712.0,544.0,-95.53658536585364,-202.0,351.95770238945914,-864.0,336.0,-284.390243902439,-406.0,342.1510776028896,1
412.0,976.0,631.4347826086956,632.0,42.67198050952071,232.0,564.0,487.7608695652174,520.0,76.93833916862557,64.0,208.0,196.84782608695653,200.0,18.73089448791969,0
408.0,1044.0,672.4651162790698,696.0,197.51047647659036,176.0,452.0,292.3720930232558,252.0,93.56132754454867,76.0,164.0,132.5581395348837,128.0,27.13729290673835,0
320.0,1072.0,544.0100166944908,524.0,110.66983745071948,220.0,6748.0,2719.474304970514,2388.0,1677.1157392990103,104.0,1724.0,667.3439330543933,656.0,316.2617178519609,1
376.0,1952.0,885.7294179339276,892.0,49.14924020916156,-3256.0,752.0,-1668.7462608239307,-2272.0,944.6629908409424,-3604.0,256.0,-1800.031487798478,-2464.0,953.6505666984792,0
304.0,3844.0,963.860606060606,980.0,177.21236693180327,196.0,796.0,436.6424242424242,492.0,140.83052146442273,36.0,412.0,186.5878787878788,152.0,93.24438323347616,0
388.0,956.0,528.3841807909605,504.0,96.06088805038948,-12860.0,396.0,-5093.736842105263,-3554.0,4326.363312263002,-13108.0,136.0,-5314.631578947368,-3842.0,4331.565004773877,1
396.0,924.0,675.3888888888889,680.0,123.60449420492088,160.0,552.0,287.05555555555554,248.0,111.95731935887304,72.0,164.0,126.38888888888889,130.0,33.03640902077062,0
464.0,1220.0,575.5555555555555,510.0,135.36817650347714,164.0,344.0,286.81481481481484,312.0,56.36720680274555,60.0,76.0,66.14814814814815,64.0,4.469681434532027,1
376.0,864.0,600.735632183908,620.0,65.00417783864155,212.0,548.0,451.1724137931034,496.0,84.56146150326542,56.0,208.0,177.48659003831418,200.0,42.87660290738888,0
364.0,1108.0,532.8,508.0,111.28117150010053,-5940.0,400.0,-2274.192307692308,-1272.0,1951.1090242618973,-6196.0,172.0,-2493.5,-1492.0,1948.7838564681228,1
340.0,2628.0,528.6658624849216,504.0,154.8932331764238,-37188.0,392.0,-17634.094986807388,-15280.0,9334.65501304753,-37304.0,160.0,-17847.514511873353,-15498.0,9329.655022322177,1
340.0,860.0,495.8709677419355,484.0,125.5963174761888,-528.0,380.0,-37.86666666666667,-84.0,251.68177438097408,-788.0,112.0,-266.26666666666665,-310.0,241.07466800880505,1
372.0,960.0,553.2786885245902,536.0,117.83096132791398,-9380.0,444.0,-2618.4761904761904,-1552.0,2844.255557787404,-9660.0,160.0,-2857.942857142857,-1760.0,2842.9443685111005,1
312.0,1208.0,576.3626062322946,560.0,106.81101876297636,204.0,3684.0,1861.2649572649573,2380.0,991.2490241121784,112.0,2832.0,1246.0369843527735,1688.0,804.0909297978834,1
512.0,1284.0,826.0640569395018,848.0,193.12779357502356,-15116.0,656.0,-7600.045283018868,-8200.0,3375.1302372951723,-15428.0,304.0,-7879.094339622641,-8500.0,3364.556967466363,1
388.0,896.0,531.9540229885057,516.0,104.03093130277942,-8924.0,484.0,-3716.788732394366,-2960.0,2743.9564419585813,-9132.0,204.0,-3937.521126760563,-3200.0,2751.700226564951,1
496.0,724.0,571.2,548.0,78.92882870029176,164.0,388.0,321.6,356.0,82.89173662072716,68.0,116.0,104.8,112.0,18.48675201326615,1
332.0,1312.0,572.9347826086956,542.0,132.05053416317114,-3112.0,396.0,-1507.2,-1514.0,761.7636177417957,-3352.0,188.0,-1660.2410958904109,-1644.0,755.9484123581082,1
388.0,948.0,640.7164179104477,644.0,111.90385078273424,156.0,524.0,255.6417910447761,244.0,93.39176055774804,60.0,164.0,113.91044776119404,112.0,35.430710746167854,0
400.0,1684.0,765.0555555555555,762.0,250.0879783467815,212.0,528.0,452.3888888888889,464.0,65.45621003463893,108.0,280.0,145.16666666666666,128.0,38.97256870044764,1
864.0,1060.0,962.8235294117648,964.0,51.63852714381452,224.0,656.0,495.4509803921569,516.0,126.32859638159808,108.0,264.0,130.19607843137254,128.0,21.956302063589256,0
344.0,868.0,524.2352941176471,544.0,122.41084602645915,324.0,2008.0,963.483870967742,844.0,369.8505252533473,108.0,344.0,183.05882352941177,212.0,56.693676987655536,1
420.0,812.0,603.6123348017621,600.0,31.171960563713423,228.0,552.0,485.1453744493392,512.0,76.36794200913108,64.0,212.0,198.2907488986784,204.0,22.141794810103335,0
408.0,1148.0,697.92,684.0,179.58572771798987,152.0,528.0,357.17333333333335,384.0,108.6582867934558,64.0,268.0,121.44,104.0,45.29083498163104,1
412.0,1084.0,679.5463917525773,688.0,127.19447085001612,176.0,512.0,337.5670103092784,300.0,84.11000494768064,68.0,300.0,159.05154639175257,152.0,34.76114999759163,1
368.0,2800.0,699.0901389025712,704.0,74.3926675858136,-1804.0,2976.0,-9.060202975662628,-268.0,523.4510298112916,-2628.0,452.0,-761.3191447433245,-1176.0,622.0506438994651,0
592.0,656.0,626.5573770491803,628.0,13.257258562596524,300.0,564.0,475.344262295082,512.0,82.06892050575773,184.0,204.0,196.78688524590163,200.0,6.631061419125037,0
328.0,1228.0,614.7255813953489,564.0,171.38856721934283,136.0,1640.0,655.8787878787879,448.0,355.7520210190475,-964.0,364.0,61.28671328671329,136.0,250.4199258060601,1
312.0,1616.0,743.2343015946536,760.0,62.89504034961097,-404.0,7304.0,2477.039597404317,1128.0,2500.0422376291685,-1580.0,296.0,-428.8745946661372,-624.0,475.4821061104352,0
368.0,964.0,533.7204301075269,508.0,108.60507182273514,-12228.0,412.0,-6338.40490797546,-6472.0,3551.681617850499,-12472.0,200.0,-6564.883435582822,-6748.0,3563.421338646257,1
440.0,1780.0,774.8974545454546,720.0,193.9417129703775,220.0,592.0,331.60727272727274,308.0,72.10785823913169,92.0,252.0,121.16945454545454,120.0,5.971539596873221,1
328.0,4000.0,687.4851959609789,672.0,149.72065463961422,-1064.0,8588.0,1118.1084182581142,504.0,1278.359855603985,-7960.0,324.0,-1079.139921219387,-516.0,1643.0469304728697,1
404.0,852.0,575.7122708039492,580.0,47.6113393831951,300.0,4592.0,3415.868945868946,3884.0,1057.8029830341673,-704.0,220.0,-157.72316384180792,-368.0,290.0629040975301,0
448.0,1060.0,660.32,648.0,93.60970889816932,156.0,520.0,246.13333333333333,244.0,83.85214500668557,72.0,168.0,129.22666666666666,156.0,35.21195756494597,0
312.0,3060.0,671.1371377352854,644.0,204.7200220731708,184.0,23480.0,7875.414043583535,4888.0,6072.990747193087,-5672.0,376.0,-2439.9760407307576,-2604.0,1674.1163216889831,1
376.0,588.0,498.4,500.0,71.13255232311013,172.0,276.0,232.8,240.0,35.5437758264369,80.0,116.0,107.2,112.0,13.717142559585795,1
380.0,1132.0,612.659217877095,572.0,116.12135369408084,172.0,428.0,342.2402234636872,372.0,66.75133837885993,84.0,260.0,116.94972067039106,100.0,45.58977560360195,1
452.0,10700.0,569.3411764705883,564.0,235.06558002847612,472.0,66976.0,30766.973188819167,27860.0,19395.622551982524,72.0,216.0,193.38181818181815,200.0,24.35966445395314,0
392.0,2368.0,1098.615332197615,1132.0,143.23126807139352,-9000.0,736.0,-3203.4547318073114,-2356.0,1988.1504998091427,-10324.0,184.0,-4230.228903313973,-3368.0,2373.4225121384625,0
308.0,1264.0,732.1188118811881,800.0,136.25887469534538,164.0,508.0,247.4257425742574,188.0,94.02204781823109,68.0,208.0,92.25742574257426,84.0,22.36716717938649,0
440.0,852.0,618.4,536.0,160.25180186194476,-536.0,0.0,-137.0,-6.0,230.38012067016547,-740.0,-308.0,-422.0,-320.0,183.8586413525348,1
584.0,656.0,615.5307262569833,612.0,15.211099484167592,232.0,556.0,493.3854748603352,516.0,66.65614265216769,108.0,208.0,198.2122905027933,200.0,13.438029285071751,0
384.0,992.0,516.032,502.0,66.21950600842625,-7352.0,440.0,-5327.135593220339,-6570.0,1935.096756286556,-7532.0,172.0,-5515.508474576272,-6794.0,1918.194444756392,1
568.0,732.0,604.3072625698323,600.0,20.42934418134024,212.0,552.0,484.5586592178771,508.0,67.21931644423526,104.0,208.0,198.12849162011173,200.0,16.73871581758878,0
404.0,1016.0,674.5098039215686,672.0,93.02906409627164,176.0,556.0,266.3529411764706,248.0,81.40020319129906,80.0,164.0,146.66666666666666,160.0,25.49176465761986,0
372.0,1476.0,782.304347826087,842.0,205.067737437214,276.0,540.0,437.4782608695652,420.0,67.64798243414366,68.0,380.0,151.84782608695653,136.0,43.1143410980335,1
580.0,728.0,613.8947368421053,612.0,18.58788281391529,240.0,552.0,498.0116959064328,516.0,53.7342375423566,108.0,204.0,195.01754385964912,200.0,18.193718369795143,0
492.0,1396.0,934.24,944.0,147.07130606160626,-936.0,672.0,291.6216216216216,330.0,379.47683412905934,-1232.0,332.0,2.0,142.0,358.01751429300293,0
364.0,1568.0,997.1555962742405,1000.0,93.92350637209177,156.0,792.0,326.9060925332112,248.0,124.71429143752071,48.0,544.0,124.96136814780884,124.0,21.492441956471875,0
408.0,1308.0,857.5652173913044,876.0,144.63822717796504,212.0,624.0,441.5652173913044,488.0,128.6076471525397,52.0,360.0,170.95652173913044,156.0,82.9895112601951,0
388.0,804.0,630.3370786516854,632.0,47.11853182033504,304.0,564.0,487.82022471910113,520.0,76.57361322705185,112.0,204.0,196.4494382022472,200.0,13.875053384616448,0
396.0,816.0,621.9512195121952,620.0,35.23714172644221,236.0,560.0,499.4634146341463,524.0,62.24659754085716,56.0,204.0,194.58536585365852,200.0,21.87210676031104,0
580.0,708.0,610.7820512820513,608.0,16.42086496042922,220.0,552.0,482.5512820512821,512.0,73.97645977552891,108.0,204.0,197.33333333333331,200.0,13.57473772393059,0
740.0,808.0,768.9090909090909,768.0,15.628962307521167,292.0,308.0,301.6363636363636,304.0,4.617609126981926,148.0,156.0,150.9090909090909,152.0,2.466301812045552,0
604.0,656.0,628.1869158878504,628.0,11.721161341715788,232.0,552.0,490.1682242990654,520.0,74.11288257878387,108.0,204.0,195.3271028037383,200.0,17.690895118984983,0
376.0,1072.0,531.7300613496933,508.0,107.20235217120556,-7292.0,388.0,-3681.8133333333335,-3134.0,2486.985670476522,-7412.0,156.0,-3892.0,-3362.0,2479.841801405888,1
364.0,1524.0,770.3952662721894,796.0,169.11061462129402,232.0,608.0,448.1656804733728,460.0,58.07769540733256,88.0,464.0,168.3739644970414,144.0,55.95359263937552,1
380.0,1184.0,556.7954545454545,524.0,130.49835936716087,-2256.0,504.0,-306.0,-206.0,668.1691054578714,-2528.0,204.0,-487.6046511627907,-382.0,660.7042979129865,1
492.0,820.0,627.4285714285714,624.0,24.162291417218945,308.0,548.0,507.3392857142857,522.0,50.94176534664511,104.0,208.0,199.05357142857144,200.0,10.665229960110604,0
364.0,1084.0,541.0370370370371,520.0,116.13540584460776,-18260.0,428.0,-9360.129032258064,-9996.0,5850.635078524412,-18556.0,140.0,-9588.18064516129,-10268.0,5861.451531633603,1
316.0,1004.0,539.2475247524752,532.0,124.16879328779198,248.0,1816.0,848.0,840.0,223.2194191617501,104.0,940.0,180.96,116.0,161.39404697819558,1
308.0,1196.0,617.1857410881801,620.0,61.76592337297994,220.0,556.0,471.0281425891182,508.0,81.22588633786515,64.0,264.0,191.046904315197,200.0,30.585893184586123,0
316.0,2304.0,957.6949152542372,1048.0,365.1816940033581,172.0,712.0,478.64406779661016,496.0,129.7269312906811,44.0,284.0,140.27118644067798,160.0,59.3655240098598,0
348.0,1232.0,515.7216699801193,492.0,115.5512764217611,-3616.0,412.0,-1350.9778672032194,-1244.0,904.4977627000828,-3784.0,176.0,-1513.4164989939638,-1388.0,888.5335948994875,1
908.0,1004.0,956.16,960.0,22.89398174193384,400.0,604.0,494.24,496.0,69.83482225938576,120.0,132.0,127.84,128.0,2.88,0
376.0,1592.0,722.9048414023372,760.0,154.3448659132116,172.0,524.0,438.0812465219811,448.0,47.49376046655178,60.0,308.0,171.9020589872009,172.0,53.67242697156729,1
388.0,1108.0,607.424,576.0,141.17468690951648,148.0,524.0,295.008,304.0,100.72207273482807,60.0,220.0,108.864,100.0,39.29811069250022,1
672.0,952.0,745.0285714285715,732.0,45.969857027209045,292.0,556.0,324.3428571428572,304.0,68.66812230145923,152.0,160.0,154.17142857142858,152.0,2.5910363540010595,0
412.0,1144.0,563.7647058823529,520.0,125.02024749510387,-2944.0,468.0,-1317.55,-1384.0,1064.2252569357672,-3156.0,204.0,-1556.55,-1676.0,1078.786863796552,1
416.0,984.0,609.978947368421,612.0,38.26675868093087,192.0,552.0,483.3263157894737,512.0,64.63332073771615,56.0,208.0,188.1684210526316,200.0,30.64892979382682,0
464.0,500.0,473.6,468.0,13.52922762023021,-264.0,328.0,-96.0,-224.0,245.35688292770595,-404.0,184.0,-245.0,-380.0,248.0221764278348,1
576.0,640.0,607.8367346938776,608.0,16.58047405685437,272.0,552.0,438.8571428571428,496.0,96.20725926193865,60.0,208.0,186.9387755102041,200.0,34.23592108266077,0
304.0,1764.0,578.3841721926296,512.0,160.46110801397123,156.0,2156.0,855.7873450750163,884.0,282.8393698891124,52.0,2004.0,652.4648836703632,696.0,298.58050418175776,1
396.0,992.0,690.8421052631579,676.0,95.3526767531406,168.0,552.0,228.31578947368425,194.0,75.24490025144837,68.0,164.0,114.63157894736842,96.0,37.537645001301925,0
356.0,1288.0,734.3269639065818,808.0,173.06848323325363,224.0,548.0,410.9044585987261,428.0,79.87243944624014,88.0,288.0,137.9447983014862,128.0,27.7799422347206,1
588.0,684.0,637.888,636.0,20.456086038145227,316.0,556.0,506.592,524.0,51.987090089752094,112.0,208.0,197.472,200.0,14.108480286692828,0
400.0,756.0,619.1264367816092,616.0,26.66730082480201,220.0,556.0,492.32183908045977,516.0,66.46328071931227,104.0,204.0,194.48275862068965,200.0,19.37640588534649,0
364.0,1448.0,784.2474226804123,816.0,205.47541207547008,288.0,560.0,452.4123711340207,472.0,66.72419808316651,80.0,316.0,147.58762886597938,124.0,53.04263070113803,1
324.0,4192.0,1027.190516511431,1056.0,214.70747706123112,160.0,760.0,436.9618966977138,400.0,123.5870157148536,40.0,496.0,121.62574089754446,120.0,28.53864645774032,0
304.0,1464.0,473.9194001874414,436.0,149.89657499219877,-9816.0,356.0,-4094.238777459408,-3736.0,2513.047464159989,-10056.0,176.0,-4253.967526265521,-3868.0,2508.511638938414,1
372.0,1376.0,692.8521607278241,700.0,168.0265380573572,156.0,596.0,411.5117513267627,440.0,66.46443049855252,56.0,300.0,163.73919636087945,136.0,54.64142041093687,1
368.0,1008.0,562.199535962877,548.0,98.30388558392978,-1840.0,488.0,-430.6355140186916,-336.0,480.7068858885044,-1944.0,200.0,-572.588785046729,-492.0,474.21867768651646,1
588.0,664.0,631.3584905660377,632.0,13.313483503750174,232.0,564.0,486.1509433962264,520.0,76.80639621222964,108.0,204.0,193.73584905660377,200.0,21.13045815913493,0
308.0,1244.0,496.3566878980892,448.0,176.68792931635156,168.0,1608.0,691.4615384615385,706.0,267.497073662771,-648.0,304.0,33.12820512820513,92.0,176.489874698628,1
304.0,1472.0,865.7820927723841,868.0,90.7207147986097,156.0,636.0,418.2610571736785,412.0,55.06137425067789,52.0,200.0,103.87594390507012,104.0,9.726670900463056,0
576.0,2000.0,693.0666666666667,622.0,290.58274017719793,204.0,600.0,492.6666666666667,508.0,104.81263706676256,76.0,204.0,157.86666666666667,176.0,43.16459454486075,0
380.0,964.0,677.3877551020408,680.0,120.08038401659395,168.0,556.0,260.8979591836735,248.0,89.07787120655844,60.0,168.0,136.40816326530611,156.0,32.54881318087571,0
392.0,1760.0,798.3537906137184,824.0,194.11516668435465,176.0,2244.0,744.2097649186256,528.0,420.7574493989604,64.0,500.0,144.59927797833936,128.0,42.13321318043863,1
324.0,792.0,475.8666666666667,438.0,119.20395220890212,-1952.0,340.0,-534.7692307692307,-466.0,794.732480760873,-2204.0,156.0,-760.7692307692307,-722.0,799.0671632353233,1
332.0,2648.0,722.6207809397749,696.0,217.46390605139064,112.0,648.0,384.12706816677695,400.0,105.29522205446769,36.0,436.0,138.2157511581734,128.0,69.76252459549292,1
368.0,1140.0,544.0168067226891,516.0,103.39026035377542,-2244.0,480.0,-694.5982905982906,-504.0,656.3212297177919,-2524.0,208.0,-854.0854700854701,-618.0,644.9507444606406,1
380.0,1468.0,886.6347305389221,908.0,133.6577253147181,-900.0,608.0,265.4698795180723,418.0,376.7644861294908,-1228.0,296.0,-58.36144578313253,124.0,378.6647618766055,0
332.0,2184.0,585.4279877425945,588.0,61.21370053286541,164.0,3764.0,1420.2396313364056,1532.0,744.288080982315,-1008.0,244.0,-0.3721881390593047,108.0,252.14675937904732,0
836.0,900.0,873.0,876.0,15.095989165632336,264.0,592.0,479.3333333333333,510.0,93.77751448093632,124.0,284.0,131.44444444444446,128.0,25.908433252133303,0
560.0,3028.0,980.3,968.0,195.41488343180689,-2480.0,704.0,-281.9159663865546,-600.0,512.1283580541365,-2872.0,336.0,-483.93277310924367,-788.0,512.0850725523694,0
344.0,1432.0,970.6666666666666,974.0,185.84390104481653,216.0,704.0,451.2,462.0,170.82201263303273,72.0,352.0,162.26666666666668,156.0,73.99231191294282,0
404.0,736.0,642.84,640.0,41.20697028416431,316.0,572.0,509.64,526.0,60.02158278486165,108.0,208.0,199.0,200.0,9.9498743710662,0
460.0,1392.0,768.955223880597,808.0,209.02056121354303,212.0,608.0,443.2238805970149,452.0,75.34593273011369,80.0,280.0,137.13432835820896,124.0,38.70627837629093,1
588.0,700.0,618.96,616.0,18.54683441093565,228.0,560.0,494.0266666666666,520.0,75.03776352980915,112.0,208.0,199.14666666666668,204.0,21.25947213727461,0
452.0,852.0,581.3793103448276,548.0,119.5636935416328,172.0,396.0,317.1034482758621,324.0,48.15946559130851,56.0,132.0,65.93103448275862,64.0,14.692083335012397,1
360.0,2448.0,956.2577840932836,976.0,113.50383211974992,-11236.0,832.0,-3537.428224963412,-3112.0,2398.2300377154997,-12408.0,404.0,-4191.691239807652,-3716.0,2695.5657158178287,0
576.0,1084.0,820.0,804.0,167.4873129523547,212.0,556.0,331.0,304.0,118.70551798463288,72.0,384.0,192.5,162.0,120.48962610947052,1
380.0,1364.0,631.8563218390805,588.0,190.08431898003403,220.0,548.0,383.7873563218391,386.0,55.95750297313112,76.0,276.0,134.30459770114942,128.0,25.10207395400186,1
388.0,1192.0,746.7244480784955,780.0,103.50322473163168,-73492.0,520.0,-36588.73903788847,-39004.0,22456.03171837885,-73756.0,248.0,-36862.521924223074,-39284.0,22453.713428777068,0
696.0,1000.0,848.9433962264151,848.0,67.30511071299331,200.0,604.0,413.7358490566038,432.0,122.49730854854565,60.0,348.0,198.71698113207543,160.0,91.40669587762044,0
396.0,844.0,676.5454545454545,684.0,96.41045174985732,172.0,552.0,262.54545454545456,248.0,96.04957397696788,80.0,164.0,136.27272727272728,158.0,31.89069658890536,0
528.0,1800.0,895.7241379310345,874.0,212.300193537314,-2400.0,204.0,-1334.357142857143,-1464.0,454.98306203054847,-2548.0,68.0,-1562.857142857143,-1626.0,414.42401632400896,0
448.0,1212.0,828.5238095238095,832.0,105.07825612036514,168.0,576.0,313.0,304.0,61.68391007308763,68.0,264.0,120.38095238095238,116.0,26.773256362195237,0
720.0,880.0,765.0,768.0,28.520168302448702,288.0,576.0,342.0,304.0,95.61171476341173,152.0,164.0,157.2,156.0,3.1240998703626617,0
724.0,1040.0,805.170731707317,780.0,72.93829749129067,292.0,320.0,304.780487804878,304.0,6.384096838627468,152.0,168.0,154.4390243902439,156.0,2.913792102062064,0
364.0,788.0,574.5378590078329,576.0,40.93468021741852,308.0,3496.0,1876.2857142857144,1664.0,970.5767242349292,64.0,212.0,192.3864229765013,204.0,32.61768447435548,0
384.0,1520.0,1001.4990583804145,1104.0,271.75032419424696,164.0,728.0,460.6553672316384,414.0,143.2965393071567,52.0,536.0,125.89830508474576,120.0,44.13791321745164,0
556.0,1036.0,938.6,944.0,68.47218413341288,268.0,640.0,460.9,492.0,110.78443031401116,112.0,132.0,125.3,124.0,3.6207733980463344,0
580.0,668.0,618.9666666666667,616.0,20.448281644730496,232.0,564.0,499.1,524.0,68.35293214876253,112.0,208.0,199.7,204.0,19.020427615242163,0
324.0,928.0,546.2681992337165,532.0,113.05254645845848,204.0,392.0,297.4712643678161,276.0,62.12615500696359,100.0,252.0,128.42911877394636,116.0,37.97881738181857,1
388.0,1160.0,621.1533742331288,596.0,141.43573982867446,192.0,484.0,339.8527607361964,304.0,71.72392821702813,52.0,308.0,164.93251533742333,152.0,42.5553596624957,1
588.0,700.0,613.1023622047244,608.0,16.70627900519791,228.0,552.0,495.0236220472441,516.0,62.344163460499125,112.0,212.0,200.6929133858268,204.0,13.8117328937368,0
828.0,948.0,878.3846153846154,876.0,28.270774421485743,264.0,604.0,500.0384615384616,524.0,95.76974822226596,124.0,320.0,138.46153846153845,128.0,35.69661777689952,0
368.0,1640.0,906.736012608353,912.0,68.95507705080593,-1684.0,652.0,-267.602523659306,292.0,818.306125217063,-1992.0,320.0,-548.1056782334385,124.0,858.7457188552968,0
592.0,680.0,641.65625,640.0,16.908040570613142,236.0,572.0,508.75,532.0,66.67973830182599,112.0,212.0,202.90625,204.0,15.989956564590788,0
360.0,2188.0,548.7272727272727,472.0,171.3527653544429,180.0,396.0,347.0967741935484,356.0,39.00078224840029,68.0,216.0,139.21407624633432,136.0,23.492019761508907,1
480.0,1176.0,886.6666666666666,880.0,70.27022671021321,232.0,620.0,502.6349206349207,516.0,79.08711322941276,100.0,296.0,137.8095238095238,132.0,26.636207093816328,0
376.0,2044.0,792.5539229276407,792.0,170.15967424322747,-1108.0,724.0,4.488562318036878,260.0,421.3579741698981,-1220.0,316.0,-219.47040066546512,104.0,404.325819033528,1
392.0,948.0,565.1308016877637,564.0,32.61027672839414,296.0,7764.0,2937.3866666666668,2128.0,2006.4614018603884,64.0,216.0,191.37552742616035,208.0,38.15245777147944,0
380.0,936.0,606.5465838509317,616.0,56.5002006603988,228.0,536.0,475.4409937888199,504.0,67.77628936622763,64.0,208.0,183.2670807453416,200.0,38.13163824932429,0
352.0,2228.0,702.4319754035357,684.0,155.8543665542863,196.0,4376.0,1458.473400154202,1648.0,610.3623917743034,-2120.0,332.0,116.47113163972288,152.0,274.868831013714,1
396.0,772.0,567.452427184466,568.0,48.549555995010486,164.0,2420.0,1100.5296981499514,1016.0,684.5220621697193,-504.0,212.0,156.1865889212828,200.0,73.01261373062579,0
356.0,1828.0,683.3697126251211,672.0,158.69686369649168,172.0,532.0,420.8253148207943,444.0,58.28659580613504,48.0,308.0,167.12948014207296,132.0,61.99321126514691,1
312.0,2392.0,623.7252525252525,588.0,173.80557252020907,188.0,71676.0,40157.33730987176,44468.0,21222.09700595122,-4324.0,2020.0,-736.971379011275,-396.0,1295.6852379935774,1
864.0,916.0,888.5,892.0,13.629013170439013,220.0,600.0,375.2,306.0,105.61893769585076,120.0,300.0,130.6,128.0,27.31373280970581,0
392.0,968.0,554.9795918367347,540.0,103.11973552921728,152.0,460.0,288.53061224489795,292.0,87.34880473561617,52.0,216.0,106.6938775510204,92.0,45.97464729400472,1
560.0,956.0,738.4,734.0,127.65202701093312,-1864.0,524.0,-1241.7142857142858,-1548.0,749.9694687663176,-1972.0,192.0,-1548.0,-1892.0,729.210923826962,1
308.0,1248.0,544.2534653465347,524.0,104.25264650440722,180.0,3352.0,1760.3523178807948,1876.0,600.4969358055426,84.0,1024.0,141.05944517833552,116.0,83.03457226662849,1
476.0,1700.0,789.0526315789474,836.0,225.077641267048,208.0,548.0,441.05263157894734,436.0,85.5136022939352,76.0,284.0,144.57894736842104,128.0,44.21813844241998,1
376.0,1020.0,819.0731707317074,812.0,74.67731893364405,244.0,560.0,453.0731707317073,526.0,118.53915484518132,112.0,288.0,133.3658536585366,128.0,31.39811715464214,0
336.0,1408.0,741.2075471698113,728.0,195.16044279926777,212.0,512.0,337.9622641509434,332.0,49.981869265274376,60.0,144.0,69.81132075471699,64.0,18.62546097063948,1
588.0,1408.0,1027.68,1040.0,121.28865404480337,232.0,708.0,414.24,340.0,146.581657788415,128.0,340.0,184.96,160.0,64.27222106011274,0
304.0,1272.0,589.2522855240055,592.0,38.86142603230096,-4884.0,1348.0,429.18992248062017,416.0,650.1883923284071,-6052.0,332.0,-71.22056686046511,116.0,689.922070045537,0
572.0,728.0,604.2772277227723,600.0,20.41360389538426,228.0,548.0,476.8910891089109,508.0,72.2607902100727,108.0,204.0,194.73267326732676,200.0,17.808047512851555,0
328.0,1272.0,493.1203007518797,432.0,137.26522655049848,208.0,29332.0,17657.890482398958,19588.0,7966.868109672944,52.0,284.0,151.99498746867167,120.0,55.938920995517066,1
864.0,1020.0,909.7142857142856,900.0,30.95856348510416,312.0,348.0,320.3428571428572,320.0,5.923043894788544,116.0,124.0,119.77142857142856,120.0,1.8986568829527029,0
468.0,1056.0,628.2285714285714,582.0,127.13976240214338,168.0,432.0,304.9714285714286,292.0,81.3189437477203,76.0,168.0,109.71428571428572,86.0,31.954048640036145,0
472.0,888.0,644.516129032258,640.0,53.32223262901218,164.0,464.0,229.5913978494624,224.0,57.1679729420598,76.0,168.0,125.03225806451611,108.0,33.542927595475895,0
404.0,884.0,681.3571428571429,680.0,95.2058725250985,164.0,552.0,258.42857142857144,248.0,89.76374887584018,72.0,164.0,125.5,156.0,37.037143518365454,0
324.0,1580.0,619.0777739370895,612.0,163.75036380310596,-135160.0,548.0,-89067.11064055056,-100242.0,35028.29513613643,-135248.0,224.0,-89325.90824069173,-100458.0,35017.624215484575,1
524.0,1240.0,1050.468085106383,1060.0,88.9161333430194,172.0,704.0,433.5744680851064,394.0,134.26961518112458,72.0,160.0,119.14893617021276,120.0,12.940088992104547,0
304.0,1832.0,652.5310821181888,628.0,120.88829729549506,-2032.0,1396.0,-211.3220599538816,-330.0,503.85827135695496,-2688.0,312.0,-1012.1921598770176,-1136.0,521.5043042971791,0
348.0,1324.0,713.8303571428571,752.0,154.577788345779,172.0,504.0,435.7321428571428,452.0,52.27741627654356,52.0,316.0,171.77232142857142,158.0,57.81282870149248,1
392.0,868.0,675.5324675324675,676.0,90.3464593223946,164.0,548.0,258.75324675324674,252.0,89.2246771299236,64.0,164.0,131.7922077922078,156.0,34.98360939489356,0
356.0,1012.0,558.2164948453608,528.0,115.84380942255102,-19024.0,452.0,-8643.308781869688,-8212.0,5382.791451050618,-19760.0,196.0,-9231.750708215295,-9000.0,5578.764100559816,1
428.0,1376.0,685.2746823069403,676.0,124.5433881702378,268.0,2600.0,1298.2291870714985,1152.0,395.4642721767557,72.0,316.0,168.08993157380257,152.0,44.24131513752679,1
376.0,868.0,525.1935483870968,510.0,105.9153403110966,-6396.0,424.0,-3547.963963963964,-3824.0,2157.571440584049,-6540.0,168.0,-3765.6576576576576,-4044.0,2154.186937171238,1
312.0,2872.0,678.7330016583747,608.0,245.8122354156619,136.0,3280.0,530.5448504983389,416.0,395.4685964512612,40.0,240.0,98.5804311774461,84.0,34.06755675171516,0
364.0,816.0,521.9607843137255,496.0,94.73802077190028,-9188.0,416.0,-4001.380952380952,-2792.0,2902.002625055268,-9452.0,136.0,-4210.333333333333,-3080.0,2912.564780940435,1
336.0,972.0,546.8,524.0,116.92117002493605,-2036.0,484.0,-686.5588235294117,-816.0,770.260410173708,-2172.0,192.0,-861.8823529411765,-992.0,763.5898099921681,1
364.0,1520.0,616.8571428571429,504.0,278.6300304661201,308.0,468.0,395.1428571428572,386.0,39.10947481631738,64.0,200.0,101.0,106.0,27.47726332806817,1
748.0,1008.0,804.0,784.0,63.85853931525729,288.0,592.0,311.4782608695652,300.0,60.03250537269998,152.0,160.0,154.43478260869566,156.0,2.280848182365913,0
360.0,1448.0,636.2461538461539,596.0,203.62968128588648,-1920.0,352.0,-679.8730158730159,-828.0,552.9510869054803,-2008.0,232.0,-832.6984126984127,-952.0,559.9508094869581,1
388.0,828.0,524.9411764705883,508.0,106.84373999016744,-596.0,412.0,102.25,232.0,309.81597360368625,-712.0,200.0,-109.5,102.0,290.3028590971849,1
352.0,1148.0,539.2178770949721,516.0,109.01782189378643,-10608.0,388.0,-5951.088607594937,-7674.0,3705.3781753727167,-11256.0,124.0,-6384.759493670887,-7870.0,3892.5475346160274,1
364.0,936.0,557.7142857142857,516.0,144.7865893741027,-1460.0,476.0,-17.894736842105264,252.0,602.4782061781717,-1576.0,200.0,-224.73684210526315,106.0,573.3387757692252,1
432.0,1272.0,674.8656716417911,652.0,151.404656518859,256.0,508.0,349.43283582089555,300.0,88.58341610242874,124.0,296.0,165.01492537313433,152.0,43.19393701833261,1
368.0,1436.0,721.5356679636835,744.0,154.85384000022674,184.0,612.0,433.2088197146563,452.0,59.60990111816737,60.0,288.0,174.53696498054475,156.0,58.9648458273872,1
556.0,984.0,838.0444444444445,840.0,85.48163039976758,256.0,592.0,424.8,448.0,123.83960953139707,120.0,336.0,213.1555555555556,164.0,90.7122325588036,0
932.0,1160.0,965.6949152542372,956.0,34.61519909004808,284.0,656.0,459.1186440677966,484.0,99.16004607272276,124.0,296.0,137.96610169491527,128.0,35.46780163190028,0
576.0,1468.0,882.75,878.0,152.17286340587424,212.0,464.0,260.10714285714283,242.0,46.56012954519464,64.0,228.0,104.85714285714286,86.0,41.70449983062319,1
344.0,1232.0,724.0447578749412,744.0,84.97458382434974,-195832.0,332.0,-104470.77658856427,-107656.0,48854.830398173945,-196860.0,76.0,-104930.8525696654,-107924.0,49087.09654922538,0
304.0,756.0,414.9268292682927,400.0,85.02751068256255,-1060.0,216.0,-452.7368421052632,-436.0,344.18704249522034,-1160.0,104.0,-570.6315789473684,-566.0,345.6780081500117,1
372.0,896.0,586.3255813953489,580.0,112.9996338603314,-2532.0,388.0,-1652.9473684210527,-1930.0,862.6370508159519,-2828.0,196.0,-1916.2105263157891,-2202.0,869.1110751462256,1
304.0,1408.0,538.261569416499,508.0,126.47508718328616,-4392.0,336.0,-1852.365111561866,-1620.0,944.547060045612,-4484.0,180.0,-2010.324543610548,-1796.0,944.0920985871292,1
304.0,4904.0,948.8840813690668,964.0,173.5034011713348,-9940.0,784.0,-1073.329451722465,216.0,1950.861932029937,-12196.0,404.0,-1743.0160116448326,112.0,2605.129427969629,0
412.0,956.0,595.2941176470588,600.0,42.818457260158326,220.0,544.0,460.6033182503771,500.0,79.36139033286516,56.0,224.0,188.97737556561088,204.0,33.02228920995467,0
716.0,1096.0,761.5111111111111,752.0,57.59190615287002,288.0,564.0,335.02222222222224,304.0,89.25232368936182,148.0,160.0,154.3111111111111,156.0,2.7310740436866165,0
388.0,1144.0,632.0,588.0,161.63936272483122,204.0,484.0,345.7313432835821,300.0,83.51165475719627,80.0,296.0,164.53731343283582,152.0,43.35701439513529,1
388.0,888.0,642.1538461538462,658.0,151.9098144162395,176.0,508.0,278.38461538461536,244.0,85.30221248960252,84.0,168.0,138.15384615384616,156.0,26.387194312178,0
372.0,1056.0,557.9215686274509,528.0,132.8785149332756,-6948.0,368.0,-3249.4065934065934,-3324.0,1966.0005364717165,-7212.0,136.0,-3482.197802197802,-3552.0,1971.468154992369,1
348.0,1284.0,640.7021764032073,660.0,128.01731325254244,140.0,556.0,277.84765177548684,248.0,108.3547255520896,56.0,212.0,127.83963344788089,120.0,33.30805826434516,0
320.0,1452.0,843.6705577172503,860.0,122.83510147836924,160.0,608.0,424.5395590142672,412.0,64.24450239112971,52.0,204.0,105.71984435797664,108.0,10.109612380897117,0
404.0,2068.0,776.6736842105263,712.0,329.475833858802,136.0,516.0,380.7157894736842,408.0,108.11919963466195,48.0,272.0,127.53684210526316,116.0,60.70980334020732,1
368.0,1184.0,641.9451525685593,640.0,58.37499547927506,192.0,468.0,274.9061413673233,248.0,68.42262447265988,72.0,252.0,123.82696021629972,124.0,4.401730679719885,0
344.0,1272.0,559.2093023255813,476.0,215.61535067881988,-4428.0,448.0,-1175.746835443038,-448.0,1716.6615044084356,-4668.0,172.0,-1428.3544303797469,-708.0,1706.111390534261,1
584.0,708.0,621.3774104683196,620.0,20.300720906593032,220.0,560.0,491.0192837465565,516.0,71.19822298316728,108.0,212.0,196.099173553719,204.0,22.25895862313437,0
552.0,1068.0,909.6714285714286,908.0,45.230906446357935,272.0,632.0,450.8,468.0,117.17015709764031,120.0,328.0,128.9142857142857,124.0,22.46441176435224,0
332.0,1388.0,584.6168224299065,560.0,157.66945459811654,140.0,524.0,305.7570093457944,320.0,97.14839223795973,60.0,216.0,114.95327102803738,100.0,42.48658571756372,1
440.0,1464.0,924.4,964.0,168.1280464408006,212.0,672.0,407.3,328.0,128.14019665975232,72.0,344.0,197.2,160.0,74.48597183362784,0
352.0,692.0,454.44444444444446,460.0,67.48351421908927,-2156.0,-88.0,-700.3870967741935,-320.0,699.7668587520419,-2260.0,-296.0,-833.6774193548387,-416.0,687.356619047332,1
392.0,1268.0,563.3650793650794,524.0,138.1955483154217,156.0,516.0,282.41269841269843,280.0,92.96946672705089,60.0,208.0,107.11111111111111,100.0,37.13173079858742,1
336.0,1180.0,672.25,680.0,164.56134874264978,156.0,540.0,279.9375,254.0,101.74598809658296,56.0,184.0,127.375,154.0,36.83896544421409,0
316.0,804.0,479.8787878787879,460.0,127.12765180351684,-988.0,64.0,-448.0,-452.0,277.80522301692577,-1088.0,-180.0,-580.9032258064516,-604.0,257.81555733217,1
388.0,728.0,530.3703703703703,508.0,77.70225610345254,-440.0,328.0,-164.0,-200.0,216.4383017433339,-664.0,76.0,-361.5384615384616,-428.0,199.655324298427,1
360.0,2376.0,1037.485667336133,1012.0,127.525878061971,-244568.0,136.0,-79588.99316334073,-41806.0,83206.7107083172,-245868.0,-472.0,-80517.82076866223,-43044.0,83448.37120815371,0
304.0,1444.0,601.6913767019668,576.0,156.537830399599,188.0,28544.0,9420.081825334382,7416.0,8895.849251752512,-5160.0,340.0,-1548.7787072243343,-1692.0,1395.2472075015646,1
312.0,1304.0,681.5045669940251,704.0,94.41040749127409,-252228.0,408.0,-107912.69261631592,-109140.0,65278.116436903925,-252460.0,148.0,-108172.07066938833,-109404.0,65275.14582886607,0
420.0,1512.0,723.9446494464945,704.0,147.86883548696778,208.0,540.0,359.2619926199262,308.0,93.24768427076204,76.0,344.0,163.90036900369003,152.0,39.69409364092519,1
304.0,1056.0,464.1331114808653,444.0,118.27369870541852,-2848.0,412.0,-1156.383193277311,-1436.0,740.1203543189432,-3096.0,264.0,-1305.0689075630253,-1592.0,735.729188594028,1
572.0,1180.0,602.9906542056075,600.0,44.97507000552552,268.0,556.0,489.5700934579439,516.0,72.03583118669222,104.0,212.0,190.0,204.0,34.5367202659571,0
328.0,948.0,597.2,582.0,131.98040258563643,240.0,464.0,382.0,382.0,61.16861940570508,108.0,340.0,189.6,164.0,62.007311396856,1
356.0,852.0,533.1304347826087,518.0,107.5842660016571,-2644.0,428.0,-1158.896551724138,-1264.0,883.6762687314533,-2884.0,148.0,-1376.9195402298851,-1520.0,881.0588616342023,1
756.0,960.0,876.6206896551724,876.0,23.586106069556624,220.0,600.0,481.7241379310345,502.0,94.92970050542634,80.0,280.0,143.6206896551724,128.0,40.80560626890197,0
376.0,1208.0,581.5932203389831,532.0,165.56847307404297,-4524.0,516.0,-514.5945945945946,-84.0,1180.713316070229,-4788.0,220.0,-773.5495495495495,-360.0,1180.3050662208664,1
384.0,816.0,535.3333333333334,518.0,92.1231060411375,-3196.0,300.0,-1544.6060606060605,-1624.0,890.6706339298985,-3484.0,172.0,-1756.1818181818182,-1878.0,892.97851799963,1
868.0,1064.0,943.44,926.0,55.21744651828804,276.0,644.0,449.68,478.0,127.10207551413156,120.0,292.0,133.44,128.0,31.361224465891,0
384.0,1224.0,595.8746736292428,576.0,131.57025130930327,-752.0,516.0,-42.75392670157069,-158.0,308.365997902803,-1056.0,216.0,-225.9476439790576,-352.0,309.33317469300533,1
404.0,740.0,635.9298245614035,636.0,26.921497083787507,300.0,556.0,494.561403508772,520.0,71.45235623872212,108.0,204.0,198.17543859649123,200.0,8.835976712099004,0
360.0,1860.0,681.5272727272727,624.0,236.24639329968076,204.0,512.0,381.96363636363634,356.0,95.72345844080108,60.0,356.0,187.4181818181818,164.0,71.15225439706829,1
364.0,1196.0,775.2941176470588,816.0,194.7413864910506,316.0,536.0,447.7647058823529,464.0,72.66970354383447,112.0,184.0,142.8235294117647,128.0,24.952272781352345,1
304.0,1176.0,582.9683257918552,520.0,195.5316777552791,-6732.0,216.0,-3794.1784037558687,-3844.0,1070.67659978055,-7024.0,84.0,-4031.830985915493,-4044.0,1075.101693880822,1
824.0,892.0,857.0,856.0,15.284263006510123,280.0,316.0,302.60869565217394,304.0,7.833812611864492,116.0,124.0,120.95652173913044,120.0,1.9886255001790036,0
496.0,1332.0,769.0,692.0,271.26923894905593,-940.0,528.0,-80.0,4.0,485.238085891864,-1252.0,184.0,-432.57142857142856,-352.0,481.7275036315676,1
336.0,1328.0,540.5141388174807,520.0,109.10179172179612,-6040.0,472.0,-2994.717079530639,-3108.0,1781.6078529967049,-6196.0,172.0,-3162.962190352021,-3260.0,1778.8431813286631,1
340.0,1740.0,905.1367933629172,912.0,60.93458780763772,-3012.0,644.0,-510.3114427220686,-516.0,823.9585752392651,-3136.0,248.0,-739.1445294912202,-768.0,838.4119928333438,0
308.0,1352.0,656.137049941928,608.0,188.1237386176529,-1140.0,484.0,-340.0232423009878,-360.0,297.4365620870896,-1276.0,240.0,-521.3038930854154,-512.0,242.32148831212115,0
888.0,1104.0,973.9692307692308,968.0,54.95339822368914,236.0,660.0,483.5692307692308,536.0,147.5863209453285,120.0,264.0,133.6,124.0,31.3299070685356,0
404.0,4392.0,706.7535211267606,672.0,250.8616050374546,-1160.0,532.0,55.639575971731446,264.0,382.557227926345,-2244.0,308.0,-656.2190812720848,-640.0,556.5275302558939,1
360.0,2492.0,611.1935242839353,612.0,39.70708639832982,-904.0,444.0,131.7389463195915,248.0,302.42966732465686,-1128.0,336.0,-53.097521484618255,116.0,280.603106638291,0
312.0,2240.0,1041.9673469387756,1068.0,149.60798955027815,-6656.0,2388.0,-2491.703184341221,-3128.0,1953.5923223274203,-8264.0,692.0,-3753.5471808355246,-4344.0,2085.9639165933168,0
400.0,1416.0,598.8333333333334,524.0,156.60864764922312,200.0,432.0,360.8395061728395,368.0,42.226156772852505,56.0,288.0,137.8148148148148,132.0,22.218116904743905,1
380.0,968.0,564.3098591549295,538.0,121.5774941586462,-10740.0,436.0,-4479.064516129032,-4856.0,3382.2717736273617,-11012.0,212.0,-4715.354838709677,-5096.0,3390.655294438288,1
376.0,1404.0,670.8849462365591,672.0,177.3760469495493,-1076.0,480.0,-85.21107824684054,-124.0,358.4687765408012,-1284.0,284.0,-323.3331540736757,-368.0,342.2201033625828,1
404.0,788.0,561.7142857142857,520.0,140.03847867712676,248.0,396.0,310.2857142857143,304.0,49.861849961996526,108.0,180.0,126.28571428571428,120.0,22.511674975533957,1
400.0,1068.0,657.560975609756,684.0,148.64166254099362,164.0,568.0,301.1707317073171,256.0,110.2378586731004,56.0,264.0,134.8780487804878,156.0,38.62653903916272,0
376.0,876.0,535.0236220472441,520.0,117.21247041815325,-6180.0,412.0,-3209.426086956522,-3132.0,2138.394501614906,-6408.0,152.0,-3429.669565217391,-3320.0,2143.418025011288,1
408.0,984.0,639.0769230769231,636.0,54.05760679193083,316.0,560.0,496.3076923076923,516.0,66.78298334085807,64.0,204.0,195.2,196.0,16.842437243691673,0
588.0,708.0,618.916129032258,616.0,15.911430194110784,304.0,540.0,480.7483870967742,508.0,68.46337316507622,108.0,204.0,193.7548387096774,196.0,12.787767307701564,0
432.0,904.0,545.3333333333334,532.0,91.40872800534724,-308.0,416.0,220.4,262.0,214.23687824461967,-472.0,128.0,29.6,112.0,197.59514164067903,1
580.0,664.0,620.0,624.0,19.227639679887243,296.0,540.0,478.6382978723405,512.0,77.92315514493147,180.0,208.0,194.29787234042556,196.0,5.64146839801755,0
308.0,1040.0,551.4128440366973,522.0,140.46353217731627,-11860.0,400.0,-5112.923076923077,-3884.0,3626.013394579864,-12076.0,188.0,-5349.210256410256,-4084.0,3626.16822157727,1
436.0,712.0,542.3529411764706,552.0,69.97221396128322,180.0,384.0,303.7647058823529,284.0,54.92190114074253,68.0,208.0,115.29411764705884,112.0,26.47032679609456,1
408.0,1024.0,540.6349206349206,516.0,109.2245831953597,-2060.0,484.0,-767.8644067796611,-1080.0,828.1455586792948,-2348.0,216.0,-1004.1355932203388,-1364.0,832.5076567597629,1
408.0,1076.0,773.0526315789474,780.0,105.23564552738782,152.0,572.0,342.03508771929825,324.0,110.17083463394329,52.0,296.0,116.7719298245614,112.0,39.593999874985336,0
372.0,564.0,477.8181818181818,464.0,60.67172200654659,280.0,408.0,331.27272727272725,324.0,40.53526166211992,60.0,172.0,96.72727272727272,76.0,38.58659896693035,1
960.0,1072.0,1018.2857142857144,1016.0,30.42018663818552,312.0,588.0,356.40816326530614,340.0,59.791446513847134,152.0,340.0,171.10204081632654,160.0,41.93884999248563,0
512.0,908.0,719.6,712.0,112.59769091770931,212.0,540.0,318.8,310.0,104.4,76.0,304.0,135.8,152.0,55.01236224704407,1
828.0,916.0,864.125,864.0,18.434145175009697,212.0,588.0,435.875,458.0,119.27063500711311,120.0,268.0,129.5,126.0,20.47152493912785,0
344.0,10832.0,603.922480620155,568.0,461.694681025101,168.0,420.0,329.2480620155039,364.0,69.55646092157176,72.0,268.0,110.45736434108528,100.0,38.02416770275729,1
384.0,840.0,631.75,636.0,90.45959042578072,160.0,524.0,268.25,248.0,104.04103757652554,80.0,164.0,131.45,154.0,31.910774042633317,0
384.0,912.0,635.0895522388059,640.0,78.4723986732332,152.0,532.0,245.76119402985077,248.0,71.87387160484549,64.0,168.0,135.9402985074627,156.0,32.14513755714245,0
592.0,672.0,625.4545454545455,624.0,14.490371893338043,236.0,548.0,502.5108225108225,524.0,62.86657770890641,108.0,204.0,198.47619047619048,200.0,14.75332804887871,0
384.0,1684.0,568.3858156028368,552.0,116.70516320177018,-3572.0,472.0,-1200.7485714285715,-1098.0,1027.972278495438,-3704.0,216.0,-1346.057142857143,-1234.0,1021.3975283994024,1
328.0,2212.0,671.7245762711865,644.0,195.79851821448997,-1028.0,3696.0,907.0595744680852,800.0,897.3560506049233,-2016.0,288.0,-353.9724284199364,-412.0,325.1188073619634,1
308.0,1560.0,614.6583850931677,572.0,170.02795187047292,-784.0,1428.0,582.2389937106918,452.0,372.3861095423934,-1984.0,368.0,-458.7924528301887,-168.0,654.4445056780771,1
552.0,780.0,596.7272727272727,596.0,12.346981155923372,308.0,2444.0,1875.834051724138,2148.0,563.9309523451377,104.0,208.0,189.46745562130175,204.0,33.45480023036332,0
392.0,888.0,685.8260869565217,692.0,113.60559239675892,164.0,560.0,250.43478260869568,218.0,105.67374980980748,72.0,164.0,117.47826086956522,108.0,36.3687270882403,0
384.0,892.0,536.9543147208121,524.0,93.60974690108785,-5236.0,444.0,-1652.192513368984,-1100.0,1816.242971021092,-5416.0,200.0,-1824.042780748663,-1256.0,1822.1321231199556,1
716.0,980.0,846.7692307692307,824.0,55.30079126733089,168.0,532.0,261.66153846153844,300.0,86.3677783440947,68.0,132.0,99.13846153846154,116.0,24.01530084250899,0
388.0,1464.0,878.379746835443,912.0,169.15358689994528,176.0,628.0,435.6286919831224,424.0,62.69446791840403,56.0,156.0,106.9873417721519,108.0,12.315980840885764,0
304.0,2388.0,807.2839637719766,812.0,69.97492224246763,136.0,616.0,411.8563665423548,412.0,61.873198036626526,40.0,180.0,105.08897176345232,108.0,8.674340807649772,0
420.0,1024.0,870.5882352941177,908.0,165.23461353073247,244.0,548.0,370.9411764705882,398.0,93.96524425566976,92.0,112.0,101.52941176470588,100.0,4.551892264036025,0
400.0,936.0,602.4162436548223,600.0,35.12312411814765,240.0,548.0,452.1015228426396,504.0,89.6734620422077,108.0,232.0,198.37563451776649,200.0,15.917331333490807,0
548.0,740.0,590.9319899244332,588.0,18.22744379015676,220.0,1160.0,827.8282828282828,1010.0,306.8746508287932,108.0,208.0,197.5818639798489,200.0,17.612580617893585,0
400.0,1060.0,582.6633663366337,572.0,103.46317824247484,-800.0,520.0,129.34328358208955,206.0,280.4415611514436,-916.0,220.0,-44.15920398009951,76.0,266.1300593411772,1
348.0,2656.0,727.384126984127,724.0,196.84521774238604,-2756.0,544.0,-921.9712918660288,-1028.0,615.4696181376333,-3068.0,308.0,-1130.347687400319,-1228.0,594.2528798197596,0
352.0,1612.0,687.0147783251232,656.0,189.4460027526076,164.0,1628.0,980.039603960396,1068.0,309.7036565285755,52.0,428.0,201.2807881773399,168.0,80.50000749851239,1
348.0,2520.0,672.5813353006271,660.0,148.94375913266347,184.0,6496.0,2580.884942656308,2280.0,1432.053714812304,-2404.0,300.0,-442.1638376383764,-476.0,261.7913307054017,1
348.0,1000.0,549.9060402684564,528.0,110.29194584927704,-17408.0,472.0,-8181.308270676692,-8496.0,5704.433914809412,-17556.0,204.0,-8417.263157894737,-8742.0,5705.730418398652,1
352.0,1840.0,699.8974358974359,684.0,226.45810105157844,196.0,564.0,328.9230769230769,280.0,110.11029077303486,56.0,380.0,138.15384615384616,116.0,73.44893166091782,1
576.0,1016.0,868.0,940.0,171.51093259614677,416.0,568.0,471.0,450.0,59.08468498688979,124.0,128.0,126.0,126.0,2.0,0
400.0,556.0,466.6666666666667,468.0,53.36665625650534,204.0,360.0,268.8888888888889,280.0,49.9876527964533,60.0,112.0,80.88888888888889,76.0,16.736151452233536,1
364.0,1860.0,905.5454545454544,866.0,376.8155718738433,168.0,716.0,467.7272727272728,490.0,114.81494273124976,36.0,284.0,146.0,164.0,65.54942618152559,0
608.0,832.0,628.0,624.0,27.4178355257674,308.0,548.0,496.0,516.0,64.94385974080065,112.0,212.0,200.1311475409836,200.0,11.700462944233411,0
356.0,1052.0,537.4202898550725,504.0,118.6482324629518,-524.0,476.0,23.62043795620438,168.0,277.7822003353812,-788.0,208.0,-145.83941605839416,64.0,271.6515649742215,1
452.0,952.0,663.5675675675676,668.0,134.0553618070475,-828.0,520.0,15.771428571428572,-44.0,351.3929087595972,-1128.0,236.0,-263.8857142857143,-304.0,355.0587694958658,1
368.0,908.0,549.8810810810811,532.0,107.53657790733556,-13096.0,432.0,-6225.225,-6130.0,3948.688009880624,-13288.0,212.0,-6447.575,-6304.0,3958.443673891925,1
448.0,1828.0,1067.144749290445,1088.0,135.41974709359644,-1404.0,832.0,-12.049242424242424,460.0,542.295888707002,-1668.0,200.0,-350.1931818181818,132.0,538.1185170929922,0
520.0,552.0,536.0,536.0,16.0,,,,,,,,,,,1
456.0,876.0,688.156862745098,680.0,64.0830871661616,172.0,508.0,252.07843137254903,256.0,68.53304430889736,72.0,168.0,137.64705882352942,156.0,31.418006283029182,0
364.0,996.0,611.6214285714286,612.0,45.91388956625261,-1812.0,556.0,-300.7555953446732,336.0,905.8724805453724,-2100.0,208.0,-590.5210384959713,200.0,903.3774668364384,0
308.0,1068.0,566.9230769230769,536.0,127.80848199104088,-15852.0,412.0,-7049.390625,-5512.0,5111.632934167134,-16164.000000000002,132.0,-7289.890625,-5752.0,5105.224540902888,1
964.0,1112.0,1012.3636363636364,1012.0,27.21483032051205,296.0,688.0,474.75324675324674,476.0,117.2910859916258,120.0,136.0,127.012987012987,128.0,2.746868377434241,0
384.0,700.0,496.45454545454544,500.0,66.16352144685116,-1876.0,428.0,-454.2,-216.0,734.7739516341063,-1988.0,196.0,-630.0,-420.0,739.3489027516035,1
456.0,1444.0,744.0,716.0,190.9861548390516,172.0,588.0,371.340206185567,380.0,111.34074073945752,52.0,300.0,133.93814432989691,120.0,61.28820112025225,1
360.0,1044.0,550.5333333333333,524.0,121.2739048600316,-5664.0,504.0,-1523.6,-848.0,1631.9691908856612,-5896.0,216.0,-1748.65,-1052.0,1630.138821542509,1
852.0,1036.0,913.6263736263736,908.0,29.78592054433756,224.0,632.0,444.2637362637363,476.0,122.34097865624506,120.0,284.0,134.52747252747253,128.0,30.405805062914727,0
388.0,920.0,567.1182795698925,548.0,97.9031614438269,-532.0,492.0,45.34054054054054,168.0,293.42388437895124,-708.0,212.0,-125.31891891891892,72.0,282.46618724968096,1
388.0,1048.0,876.46783625731,892.0,79.95534474084994,264.0,620.0,490.8070175438597,496.0,97.49027936485318,108.0,296.0,144.0,128.0,47.17814936787769,0
328.0,1900.0,759.3517689403916,776.0,125.96931256461808,140.0,660.0,413.1552980423141,412.0,61.19130747719341,44.0,260.0,105.60969186199632,108.0,14.510188798477731,0
556.0,908.0,721.3731343283582,720.0,36.31077954370449,272.0,540.0,328.65671641791045,296.0,84.337904624091,152.0,168.0,158.62686567164178,160.0,3.3539276191494065,0
412.0,984.0,612.8668046928916,612.0,25.09266873741376,216.0,556.0,493.57073844030367,516.0,61.27367360872479,64.0,208.0,197.80262249827467,200.0,17.118503664914098,0
344.0,1296.0,592.3428571428572,472.0,261.41132808082284,184.0,456.0,295.0857142857143,244.0,95.51346095964588,72.0,232.0,112.8,100.0,36.96855806917935,1
324.0,1344.0,607.6679477325134,608.0,55.26397106282658,220.0,548.0,473.7770945426595,504.0,71.50854647790757,88.0,212.0,186.91468101460416,200.0,31.596849510593568,0
404.0,928.0,670.56,684.0,144.9761580398653,176.0,448.0,269.28,252.0,79.73732877391869,84.0,168.0,137.12,156.0,28.453920643735547,0
364.0,1036.0,563.8153846153846,536.0,120.18808665408572,-9996.0,468.0,-4319.613636363636,-4038.0,3081.9550076055552,-10228.0,192.0,-4553.113636363636,-4288.0,3082.048689338053,1
376.0,1040.0,601.8950354609929,604.0,46.51845104267865,224.0,532.0,454.1276595744681,500.0,85.34665657270605,64.0,232.0,185.7304964539007,196.0,31.54536965327945,0
380.0,1212.0,553.088,536.0,117.80322684884317,-2516.0,428.0,-866.4132231404959,-464.0,928.368761063923,-2668.0,200.0,-1027.0743801652893,-592.0,928.0556780576416,1
304.0,1328.0,524.0382775119617,496.0,148.57794329373613,-16260.000000000002,1372.0,-6150.377777777778,-5582.0,4646.69608211105,-17008.0,296.0,-6828.111111111111,-6260.0,4696.658148666144,1
400.0,696.0,628.3636363636364,624.0,27.09622540009408,228.0,568.0,490.8311688311688,520.0,76.8441503569945,108.0,208.0,197.14285714285717,200.0,20.68295884640129,0
464.0,1412.0,1067.9063063063063,1080.0,81.19729201457874,388.0,832.0,492.8108108108109,492.0,28.92958631241468,72.0,220.0,165.64594594594595,168.0,8.519445523806946,0
328.0,1424.0,648.2468147836158,628.0,136.0303210049898,-18044.0,464.0,-8319.953964734452,-10400.0,4918.882213509484,-18196.0,244.0,-8504.323091542603,-10588.0,4916.712404813196,1
320.0,2340.0,757.4077253218884,700.0,272.3167988029319,-13436.0,548.0,-5686.460093896713,-5532.0,3738.7659778515017,-15032.0,216.0,-6493.183098591549,-5780.0,4327.433444352576,1
336.0,1564.0,744.7688592961148,752.0,59.30485880914363,136.0,572.0,380.765347186654,380.0,39.61350785117478,48.0,260.0,121.247969561718,124.0,11.75908327419397,0
784.0,1092.0,928.3555555555556,932.0,80.03475788140926,192.0,664.0,404.53333333333336,336.0,147.865644721446,60.0,336.0,164.53333333333333,156.0,80.86905739802118,0
376.0,828.0,671.9310344827586,680.0,100.37307340341376,148.0,552.0,248.7586206896552,244.0,82.94395913337023,60.0,168.0,131.72413793103448,154.0,33.539371153321966,0
440.0,860.0,648.8807339449542,656.0,95.03700146347076,168.0,536.0,274.45871559633025,244.0,104.51236984951262,72.0,168.0,131.92660550458714,152.0,31.365178618362823,0
332.0,1128.0,553.1497326203208,536.0,111.34233973460216,-1292.0,464.0,-347.0455764075067,-312.0,396.1958929498783,-1412.0,204.0,-506.06434316353887,-456.0,394.1929225685322,1
332.0,832.0,495.125,446.0,140.08473997905696,-408.0,396.0,225.33333333333331,264.0,183.13516562607217,-588.0,200.0,36.0,76.0,168.5451472652555,1
952.0,1260.0,1092.3720930232555,1084.0,52.74115080885616,288.0,544.0,425.1162790697674,476.0,87.23696925477941,152.0,276.0,167.25581395348837,164.0,21.1177133003352,0
444.0,836.0,628.375,640.0,101.64575433829,164.0,524.0,278.375,248.0,105.0945259040641,72.0,164.0,131.75,152.0,29.486225597726136,0
380.0,904.0,555.5522388059702,528.0,108.96600641800744,-4324.0,452.0,-1646.2047244094488,-2104.0,1722.8608113863263,-4460.0,192.0,-1857.007874015748,-2392.0,1737.6339760098122,1
688.0,1228.0,1072.6923076923076,1074.0,68.76815521444233,216.0,768.0,430.61538461538464,472.0,115.7554042343918,64.0,208.0,164.6153846153846,164.0,26.456171190911963,0
408.0,1092.0,558.9918699186992,528.0,113.99568498002186,-588.0,492.0,97.50819672131148,188.0,275.3579264116648,-696.0,204.0,-78.0,72.0,260.0994765564092,1
368.0,1024.0,550.434250764526,520.0,113.00940850647343,-12752.0,488.0,-6138.556291390729,-6908.0,3639.9449647170527,-13316.0,208.0,-6836.503311258278,-7678.0,3781.436590381376,1
400.0,924.0,643.2413793103449,642.0,40.876310627444056,316.0,572.0,509.6896551724138,528.0,59.72846802810651,64.0,220.0,199.72413793103448,204.0,17.78588466234824,0
440.0,1392.0,697.2941176470588,630.0,230.8892692856909,208.0,512.0,406.5882352941176,416.0,63.8224179897807,56.0,136.0,104.0,108.0,21.475019687726373,0
436.0,780.0,608.0,608.0,172.0,,,,,,,,,,,1
484.0,1068.0,747.3333333333334,744.0,91.60834508323404,168.0,492.0,228.66666666666663,176.0,76.30523500316927,68.0,196.0,91.4,72.0,26.53123944836853,1
376.0,2412.0,750.3201426024956,732.0,191.14905431841555,148.0,5796.0,2993.65,3300.0,1083.2726673306745,-2228.0,368.0,-200.72065643952908,68.0,443.5639016089534,1
544.0,1192.0,1005.483870967742,1028.0,115.37592720565236,164.0,692.0,320.38709677419354,220.0,187.8073270444241,68.0,156.0,101.61290322580643,108.0,22.80305217170441,0
824.0,960.0,872.6857142857143,872.0,25.171152909144038,268.0,600.0,498.25714285714287,512.0,92.36599338876768,116.0,288.0,131.8,128.0,24.365432188128445,0
552.0,1424.0,1024.775355450237,1024.0,71.52034648522437,160.0,748.0,336.01137440758293,296.0,99.45679889744174,64.0,416.0,171.0123222748815,156.0,59.46557281764979,0
304.0,1368.0,618.3124231242313,604.0,142.98592574976445,164.0,556.0,472.7921279212792,508.0,85.03944435790937,68.0,212.0,183.27675276752768,196.0,34.16375316460253,0
616.0,812.0,638.7826086956521,624.0,40.31933026718955,316.0,552.0,476.3478260869565,504.0,74.52493524676807,184.0,208.0,201.7391304347826,204.0,4.385920074058605,0
344.0,1292.0,729.475935828877,736.0,194.01252291175464,-356.0,640.0,401.76344086021504,442.0,140.66809848805983,-684.0,296.0,112.86021505376344,124.0,135.17504314083203,1
304.0,1804.0,474.4124700239808,432.0,161.0552510701104,-6372.0,372.0,-2999.288672350792,-2968.0,1564.5429963914169,-6472.0,232.0,-3167.225334957369,-3144.0,1566.5564846586622,1
384.0,1080.0,869.8389366692729,880.0,44.90875834617746,176.0,636.0,243.1446442533229,212.0,74.26487389062167,68.0,248.0,111.5027365129007,104.0,18.14862927776129,0
368.0,872.0,528.2564102564103,510.0,107.89042826029872,-2300.0,444.0,-556.3888888888889,-232.0,758.7780116658985,-2536.0,172.0,-772.6111111111111,-404.0,756.1856502568143,1
452.0,1376.0,842.8982630272952,836.0,87.13593995431724,176.0,612.0,420.605459057072,412.0,73.00206101971871,56.0,136.0,109.89578163771712,112.0,10.215497256156029,0
400.0,744.0,632.3181818181819,630.0,43.67325618482236,308.0,548.0,502.2272727272728,524.0,58.50829919233822,108.0,204.0,196.5909090909091,200.0,16.34335864811228,0
304.0,2928.0,620.3560387294037,592.0,167.42226657812418,200.0,152568.0,60845.53630220066,52868.0,38476.4251156378,-8788.0,388.0,-4416.405338774122,-4880.0,2427.818934137585,1
392.0,1172.0,952.6060606060606,976.0,129.58159694300485,280.0,700.0,492.4848484848485,544.0,144.6397380073527,92.0,376.0,225.41414141414143,168.0,88.61185479449924,0
364.0,812.0,574.6666666666666,548.0,183.8646845433408,680.0,1172.0,926.0,926.0,246.0,128.0,360.0,216.0,160.0,102.65800829290752,1
372.0,956.0,554.1818181818181,524.0,127.57793131380669,-13260.0,-192.0,-6216.85549132948,-6480.0,3581.879805972719,-14216.0,-336.0,-6662.335260115607,-6844.0,3787.567981842758,1
384.0,1048.0,548.6984126984127,524.0,112.00008998304703,-8524.0,488.0,-4303.2,-3666.0,2701.1013942127724,-8772.0,200.0,-4528.181818181818,-3830.0,2693.532422748368,1
312.0,3092.0,641.2137701853679,640.0,158.45812624114473,-287448.0,476.0,-123494.40050912176,-118248.0,70073.07519971427,-288444.0,164.0,-124061.99342384387,-118696.0,70330.19225525383,1
368.0,1024.0,578.5386346586647,560.0,101.89002080341892,-5284.0,508.0,-2833.062641509434,-3464.0,1493.1254897534611,-5372.0,188.0,-2994.680754716981,-3624.0,1486.6706696404694,1
1020.0,1104.0,1065.5593220338983,1068.0,23.97758217581558,364.0,672.0,406.64406779661016,392.0,54.24669409965151,108.0,128.0,118.23728813559322,116.0,4.435370097300645,0
324.0,696.0,493.04761904761904,484.0,93.33221573674903,-508.0,92.0,-248.6829268292683,-244.0,127.82275056563826,-596.0,0.0,-389.7560975609756,-380.0,111.22045356897284,1
